date,exchange_rate
1/7/2011,45.45945529
1/8/2011,45.45945529
1/9/2011,45.45945529
1/10/2011,45.53514687
1/11/2011,45.16527649
1/12/2011,45.09751021
1/13/2011,45.16326994
1/14/2011,45.44123155
1/15/2011,45.44123155
1/16/2011,45.44123155
1/17/2011,45.54503794
1/18/2011,45.47528233
1/19/2011,45.39997038
1/20/2011,45.63539192
1/21/2011,45.61940685
1/22/2011,45.61940685
1/23/2011,45.61940685
1/24/2011,45.626704
1/25/2011,45.82502207
1/26/2011,45.70630802
1/27/2011,45.60586177
1/28/2011,45.76513494
1/29/2011,45.76513494
1/30/2011,45.76513494
1/31/2011,45.90782939
2/1/2011,45.77026536
2/2/2011,45.56002318
2/3/2011,45.59476173
2/4/2011,45.59753503
2/5/2011,45.59753503
2/6/2011,45.59753503
2/7/2011,45.46963772
2/8/2011,45.29739641
2/9/2011,45.4678684
2/10/2011,45.72772714
2/11/2011,45.68766637
2/12/2011,45.68766637
2/13/2011,45.68766637
2/14/2011,45.5
2/15/2011,45.52035529
2/16/2011,45.52035529
2/17/2011,45.34513274
2/18/2011,45.19997065
2/19/2011,45.19997065
2/20/2011,45.19997065
2/21/2011,44.98756219
2/22/2011,45.26523743
2/23/2011,45.13218265
2/24/2011,45.46794453
2/25/2011,45.32480744
2/26/2011,45.32480744
2/27/2011,45.32480744
2/28/2011,45.27251699
3/1/2011,44.94972875
3/2/2011,44.9496705
3/3/2011,45.04259928
3/4/2011,44.98746149
3/5/2011,44.98746149
3/6/2011,44.98746149
3/7/2011,45.05275164
3/8/2011,45.08850194
3/9/2011,45.00502585
3/10/2011,45.18274589
3/11/2011,45.23996225
3/12/2011,45.23996225
3/13/2011,45.23996225
3/14/2011,45.06029538
3/15/2011,45.24632671
3/16/2011,45.1171959
3/17/2011,45.15138532
3/18/2011,45.03644728
3/19/2011,45.03644728
3/20/2011,45.03644728
3/21/2011,45.00986332
3/22/2011,44.9553163
3/23/2011,44.8450764
3/24/2011,44.75014156
3/25/2011,44.67516826
3/26/2011,44.67516826
3/27/2011,44.67516826
3/28/2011,44.83965222
3/29/2011,44.78245414
3/30/2011,44.7523066
3/31/2011,44.58717534
4/1/2011,44.53716145
4/2/2011,44.53716145
4/3/2011,44.53716145
4/4/2011,44.5877809
4/5/2011,44.41761965
4/6/2011,44.16993007
4/7/2011,44.20499895
4/8/2011,44.07471703
4/9/2011,44.07471703
4/10/2011,44.07471703
4/11/2011,44.38894277
4/12/2011,44.38908086
4/13/2011,44.50493342
4/14/2011,44.64481633
4/15/2011,44.33287197
4/16/2011,44.33287197
4/17/2011,44.33287197
4/18/2011,44.4497373
4/19/2011,44.48468746
4/20/2011,44.33000344
4/21/2011,44.36780033
4/22/2011,44.36780033
4/23/2011,44.36780033
4/24/2011,44.36780033
4/25/2011,44.36780033
4/26/2011,44.52007936
4/27/2011,44.44027816
4/28/2011,44.4301744
4/29/2011,44.21467026
4/30/2011,44.21467026
5/1/2011,44.21467026
5/2/2011,44.33982611
5/3/2011,44.51759134
5/4/2011,44.46982932
5/5/2011,44.75968678
5/6/2011,44.79484174
5/7/2011,44.79484174
5/8/2011,44.79484174
5/9/2011,44.71973328
5/10/2011,44.75484051
5/11/2011,44.6952706
5/12/2011,44.99752703
5/13/2011,44.86764706
5/14/2011,44.86764706
5/15/2011,44.86764706
5/16/2011,45.1601499
5/17/2011,45.1273728
5/18/2011,45.05517678
5/19/2011,44.98002103
5/20/2011,45.01229192
5/21/2011,45.01229192
5/22/2011,45.01229192
5/23/2011,45.23751783
5/24/2011,45.20476968
5/25/2011,45.3301585
5/26/2011,45.30491248
5/27/2011,45.16508938
5/28/2011,45.16508938
5/29/2011,45.16508938
5/30/2011,45.07777466
5/31/2011,45.05735141
6/1/2011,44.84480844
6/2/2011,44.82918396
6/3/2011,44.82192159
6/4/2011,44.82192159
6/5/2011,44.82192159
6/6/2011,44.76020828
6/7/2011,44.67990718
6/8/2011,44.70221796
6/9/2011,44.73518544
6/10/2011,44.71489714
6/11/2011,44.71489714
6/12/2011,44.71489714
6/13/2011,44.86484604
6/14/2011,44.73767996
6/15/2011,44.7600056
6/16/2011,44.90488359
6/17/2011,44.86755431
6/18/2011,44.86755431
6/19/2011,44.86755431
6/20/2011,45.00737619
6/21/2011,44.8472831
6/22/2011,44.89476974
6/23/2011,44.95356037
6/24/2011,44.99507736
6/25/2011,44.99507736
6/26/2011,44.99507736
6/27/2011,45.03766279
6/28/2011,45.04031975
6/29/2011,44.86724437
6/30/2011,44.67031066
7/1/2011,44.58517394
7/2/2011,44.58517394
7/3/2011,44.58517394
7/4/2011,44.42482759
7/5/2011,44.39527004
7/6/2011,44.40494482
7/7/2011,44.43531972
7/8/2011,44.39474793
7/9/2011,44.39474793
7/10/2011,44.39474793
7/11/2011,44.46570859
7/12/2011,44.71484794
7/13/2011,44.5178711
7/14/2011,44.50992818
7/15/2011,44.51505726
7/16/2011,44.51505726
7/17/2011,44.51505726
7/18/2011,44.5752937
7/19/2011,44.5
7/20/2011,44.4548462
7/21/2011,44.50499227
7/22/2011,44.34994094
7/23/2011,44.34994094
7/24/2011,44.34994094
7/25/2011,44.40472879
7/26/2011,44.18492157
7/27/2011,44.08486778
7/28/2011,44.09817672
7/29/2011,44.19495091
7/30/2011,44.19495091
7/31/2011,44.19495091
8/1/2011,44.07492196
8/2/2011,44.27734651
8/3/2011,44.32027972
8/4/2011,44.54775459
8/5/2011,44.74531968
8/6/2011,44.74531968
8/7/2011,44.74531968
8/8/2011,44.97012302
8/9/2011,45.209925
8/10/2011,45.25997077
8/11/2011,45.36519833
8/12/2011,45.34526316
8/13/2011,45.34526316
8/14/2011,45.34526316
8/15/2011,45.34488783
8/16/2011,45.38997214
8/17/2011,45.36851558
8/18/2011,45.74987821
8/19/2011,45.74973931
8/20/2011,45.74973931
8/21/2011,45.74973931
8/22/2011,45.66502463
8/23/2011,45.62508643
8/24/2011,46.00498857
8/25/2011,46.04478647
8/26/2011,46.15470074
8/27/2011,46.15470074
8/28/2011,46.15470074
8/29/2011,46.05508387
8/30/2011,46.05610332
8/31/2011,46.06920415
9/1/2011,46.08750438
9/2/2011,45.787443
9/3/2011,45.787443
9/4/2011,45.787443
9/5/2011,45.99815942
9/6/2011,45.98482162
9/7/2011,46.16486178
9/8/2011,46.19481629
9/9/2011,46.56220598
9/10/2011,46.56220598
9/11/2011,46.56220598
9/12/2011,47.2297891
9/13/2011,47.59472334
9/14/2011,47.65022944
9/15/2011,47.5549112
9/16/2011,47.25508721
9/17/2011,47.25508721
9/18/2011,47.25508721
9/19/2011,47.81247709
9/20/2011,48.0547046
9/21/2011,48.33015547
9/22/2011,49.57763236
9/23/2011,49.43261355
9/24/2011,49.43261355
9/25/2011,49.43261355
9/26/2011,49.44740741
9/27/2011,49.07504234
9/28/2011,48.760179
9/29/2011,48.96658098
9/30/2011,48.96615567
10/1/2011,48.96615567
10/2/2011,48.96615567
10/3/2011,49.16035117
10/4/2011,49.40748046
10/5/2011,49.34992877
10/6/2011,49.35036551
10/7/2011,49.16033944
10/8/2011,49.16033944
10/9/2011,49.16033944
10/10/2011,48.97520783
10/11/2011,49.32534725
10/12/2011,48.95975592
10/13/2011,49.13018139
10/14/2011,49.02006229
10/15/2011,49.02006229
10/16/2011,49.02006229
10/17/2011,48.95470383
10/18/2011,49.3930974
10/19/2011,49.16473821
10/20/2011,49.8073441
10/21/2011,50.02464125
10/22/2011,50.02464125
10/23/2011,50.02464125
10/24/2011,49.82534642
10/25/2011,49.50998707
10/26/2011,49.50743161
10/27/2011,49.5099017
10/28/2011,48.76624294
10/29/2011,48.76624294
10/30/2011,48.76624294
10/31/2011,48.69509321
11/1/2011,49.28010567
11/2/2011,49.18531393
11/3/2011,49.14470341
11/4/2011,49.10498802
11/5/2011,49.10498802
11/6/2011,49.10498802
11/7/2011,49.11148304
11/8/2011,49.47998259
11/9/2011,50.16504071
11/10/2011,50.02497062
11/11/2011,50.12249084
11/12/2011,50.12249084
11/13/2011,50.12249084
11/14/2011,50.37484442
11/15/2011,50.67986994
11/16/2011,50.75496885
11/17/2011,50.94510386
11/18/2011,51.25515616
11/19/2011,51.25515616
11/20/2011,51.25515616
11/21/2011,52.30494873
11/22/2011,52.37532324
11/23/2011,52.47478897
11/24/2011,52.03469678
11/25/2011,52.23977625
11/26/2011,52.23977625
11/27/2011,52.23977625
11/28/2011,52.03476176
11/29/2011,52.05533893
11/30/2011,52.25517961
12/1/2011,51.36970056
12/2/2011,51.10502553
12/3/2011,51.10502553
12/4/2011,51.10502553
12/5/2011,51.37479542
12/6/2011,51.31476781
12/7/2011,51.71712641
12/8/2011,51.72483221
12/9/2011,52.07486551
12/10/2011,52.07486551
12/11/2011,52.07486551
12/12/2011,52.86167082
12/13/2011,53.19019801
12/14/2011,53.93519587
12/15/2011,53.53713803
12/16/2011,52.69978567
12/17/2011,52.69978567
12/18/2011,52.69978567
12/19/2011,52.93504103
12/20/2011,52.97537097
12/21/2011,52.68500077
12/22/2011,52.62972331
12/23/2011,52.85517347
12/24/2011,52.85517347
12/25/2011,52.85517347
12/26/2011,52.85517347
12/27/2011,52.93748565
12/28/2011,52.89735353
12/29/2011,53.05221507
12/30/2011,53.10534044
12/31/2011,53.10534044
1/1/2012,53.10534044
1/2/2012,53.30498647
1/3/2012,53.11971723
1/4/2012,52.92940995
1/5/2012,52.92471945
1/6/2012,52.72463995
1/7/2012,52.72463995
1/8/2012,52.72463995
1/9/2012,52.50235701
1/10/2012,51.79497189
1/11/2012,51.86507312
1/12/2012,51.5201005
1/13/2012,51.44781145
1/14/2012,51.44781145
1/15/2012,51.44781145
1/16/2012,51.42473755
1/17/2012,50.64738077
1/18/2012,50.39903359
1/19/2012,50.28038107
1/20/2012,50.28135173
1/21/2012,50.28135173
1/22/2012,50.28135173
1/23/2012,49.99462242
1/24/2012,50.1053603
1/25/2012,50.24493896
1/26/2012,50.24496006
1/27/2012,49.3952073
1/28/2012,49.3952073
1/29/2012,49.3952073
1/30/2012,49.7597254
1/31/2012,49.43533698
2/1/2012,49.16508539
2/2/2012,49.1446464
2/3/2012,48.80471125
2/4/2012,48.80471125
2/5/2012,48.80471125
2/6/2012,49.05535961
2/7/2012,49.34492488
2/8/2012,49.14494501
2/9/2012,49.35505719
2/10/2012,49.48972629
2/11/2012,49.48972629
2/12/2012,49.48972629
2/13/2012,49.14969066
2/14/2012,49.40466246
2/15/2012,49.37519096
2/16/2012,49.39531659
2/17/2012,49.24006383
2/18/2012,49.24006383
2/19/2012,49.24006383
2/20/2012,49.13462988
2/21/2012,49.3299047
2/22/2012,49.13907785
2/23/2012,49.15037594
2/24/2012,49.00536833
2/25/2012,49.00536833
2/26/2012,49.00536833
2/27/2012,49.28518076
2/28/2012,49.08503047
2/29/2012,48.95484639
3/1/2012,49.27509014
3/2/2012,49.45978664
3/3/2012,49.45978664
3/4/2012,49.45978664
3/5/2012,49.79500756
3/6/2012,50.38470311
3/7/2012,50.40472561
3/8/2012,50.40499924
3/9/2012,49.79531499
3/10/2012,49.79531499
3/11/2012,49.79531499
3/12/2012,49.98475494
3/13/2012,49.9747262
3/14/2012,50.02526412
3/15/2012,50.37527763
3/16/2012,50.13494968
3/17/2012,50.13494968
3/18/2012,50.13494968
3/19/2012,50.21520913
3/20/2012,50.4576451
3/21/2012,50.67523629
3/22/2012,51.22503228
3/23/2012,51.27473191
3/24/2012,51.27473191
3/25/2012,51.27473191
3/26/2012,51.20518228
3/27/2012,50.77476937
3/28/2012,50.77978556
3/29/2012,51.32007233
3/30/2012,50.94489368
3/31/2012,50.94489368
4/1/2012,50.94489368
4/2/2012,50.87619191
4/3/2012,50.70521968
4/4/2012,51.08963628
4/5/2012,51.17462504
4/6/2012,51.17462504
4/7/2012,51.17462504
4/8/2012,51.17462504
4/9/2012,51.17462504
4/10/2012,51.4747598
4/11/2012,51.47513518
4/12/2012,51.5889911
4/13/2012,51.30285975
4/14/2012,51.30285975
4/15/2012,51.30285975
4/16/2012,51.65847666
4/17/2012,51.47730734
4/18/2012,51.80478118
4/19/2012,52.1450405
4/20/2012,52.09975743
4/21/2012,52.09975743
4/22/2012,52.09975743
4/23/2012,52.57482294
4/24/2012,52.67532862
4/25/2012,52.54505528
4/26/2012,52.55467272
4/27/2012,52.50963792
4/28/2012,52.50963792
4/29/2012,52.50963792
4/30/2012,52.70470713
5/1/2012,52.70470713
5/2/2012,52.85507577
5/3/2012,53.42528385
5/4/2012,53.47471825
5/5/2012,53.47471825
5/6/2012,53.47471825
5/7/2012,52.91030461
5/8/2012,53.11900192
5/9/2012,53.87490347
5/10/2012,53.33770542
5/11/2012,53.63488875
5/12/2012,53.63488875
5/13/2012,53.63488875
5/14/2012,53.96486045
5/15/2012,53.76469672
5/16/2012,54.49521118
5/17/2012,54.48509699
5/18/2012,54.46741608
5/19/2012,54.46741608
5/20/2012,54.46741608
5/21/2012,54.98039216
5/22/2012,55.34461153
5/23/2012,56.00521368
5/24/2012,55.61997292
5/25/2012,55.40889527
5/26/2012,55.40889527
5/27/2012,55.40889527
5/28/2012,55.18462518
5/29/2012,55.67515771
5/30/2012,56.23251327
5/31/2012,56.10981214
6/1/2012,55.60704431
6/2/2012,55.60704431
6/3/2012,55.60704431
6/4/2012,55.66535338
6/5/2012,55.64486282
6/6/2012,55.36483781
6/7/2012,54.94481937
6/8/2012,55.46519089
6/9/2012,55.46519089
6/10/2012,55.46519089
6/11/2012,55.74537628
6/12/2012,55.8053154
6/13/2012,55.59996809
6/14/2012,55.81467612
6/15/2012,55.41282947
6/16/2012,55.41282947
6/17/2012,55.41282947
6/18/2012,55.99461087
6/19/2012,55.95292812
6/20/2012,56.15475441
6/21/2012,56.30465667
6/22/2012,57.15208549
6/23/2012,57.15208549
6/24/2012,57.15208549
6/25/2012,57.01473414
6/26/2012,57.01482966
6/27/2012,57.13495753
6/28/2012,56.85537124
6/29/2012,55.69499603
6/30/2012,55.69499603
7/1/2012,55.69499603
7/2/2012,55.44191217
7/3/2012,54.372167
7/4/2012,54.48726115
7/5/2012,54.95251891
7/6/2012,55.51426032
7/7/2012,55.51426032
7/8/2012,55.51426032
7/9/2012,55.93508501
7/10/2012,55.41473341
7/11/2012,55.62805873
7/12/2012,55.92461816
7/13/2012,55.14485023
7/14/2012,55.14485023
7/15/2012,55.14485023
7/16/2012,55.32561386
7/17/2012,55.04519176
7/18/2012,55.44221023
7/19/2012,55.04516969
7/20/2012,55.35491803
7/21/2012,55.35491803
7/22/2012,55.35491803
7/23/2012,55.97356464
7/24/2012,56.11961287
7/25/2012,56.1603758
7/26/2012,55.52528548
7/27/2012,55.33490298
7/28/2012,55.33490298
7/29/2012,55.33490298
7/30/2012,55.58468071
7/31/2012,55.655324
8/1/2012,55.47406082
8/2/2012,55.83508829
8/3/2012,55.75500204
8/4/2012,55.75500204
8/5/2012,55.75500204
8/6/2012,55.52710235
8/7/2012,55.06915407
8/8/2012,55.4150454
8/9/2012,55.29469149
8/10/2012,55.28461915
8/11/2012,55.28461915
8/12/2012,55.28461915
8/13/2012,55.34403112
8/14/2012,55.65981218
8/15/2012,55.68589117
8/16/2012,55.77490024
8/17/2012,55.71532788
8/18/2012,55.71532788
8/19/2012,55.71532788
8/20/2012,55.69918699
8/21/2012,55.39507564
8/22/2012,55.49164524
8/23/2012,55.25493945
8/24/2012,55.48492844
8/25/2012,55.48492844
8/26/2012,55.48492844
8/27/2012,55.68236233
8/28/2012,55.67500797
8/29/2012,55.63013153
8/30/2012,55.63376913
8/31/2012,55.5277139
9/1/2012,55.5277139
9/2/2012,55.5277139
9/3/2012,55.53469128
9/4/2012,55.66102234
9/5/2012,55.89123867
9/6/2012,55.66466213
9/7/2012,55.28490477
9/8/2012,55.28490477
9/9/2012,55.28490477
9/10/2012,55.44536631
9/11/2012,55.32493939
9/12/2012,55.2287531
9/13/2012,55.42757552
9/14/2012,54.30622375
9/15/2012,54.30622375
9/16/2012,54.30622375
9/17/2012,54.05471496
9/18/2012,54.02481998
9/19/2012,53.99477004
9/20/2012,54.33580361
9/21/2012,53.46473668
9/22/2012,53.46473668
9/23/2012,53.46473668
9/24/2012,53.47475999
9/25/2012,53.31503248
9/26/2012,53.51498638
9/27/2012,53.07519031
9/28/2012,52.86001547
9/29/2012,52.86001547
9/30/2012,52.86001547
10/1/2012,52.40894618
10/2/2012,52.39520495
10/3/2012,52.26518909
10/4/2012,51.73500116
10/5/2012,51.85509922
10/6/2012,51.85509922
10/7/2012,51.85509922
10/8/2012,52.61923136
10/9/2012,52.71203582
10/10/2012,53.00256032
10/11/2012,52.65520978
10/12/2012,52.81881264
10/13/2012,52.81881264
10/14/2012,52.81881264
10/15/2012,53.01518773
10/16/2012,52.85528131
10/17/2012,52.86509146
10/18/2012,53.39762159
10/19/2012,53.83966245
10/20/2012,53.83966245
10/21/2012,53.83966245
10/22/2012,53.47469953
10/23/2012,53.76470588
10/24/2012,53.83171071
10/25/2012,53.57500192
10/26/2012,53.73334366
10/27/2012,53.73334366
10/28/2012,53.73334366
10/29/2012,54.08512948
10/30/2012,53.96620892
10/31/2012,53.81359193
11/1/2012,53.70481696
11/2/2012,53.81089494
11/3/2012,53.81089494
11/4/2012,53.81089494
11/5/2012,54.60749785
11/6/2012,54.43515625
11/7/2012,54.21465558
11/8/2012,54.36479271
11/9/2012,54.78493777
11/10/2012,54.78493777
11/11/2012,54.78493777
11/12/2012,54.87475461
11/13/2012,54.97006931
11/14/2012,54.80905233
11/15/2012,54.68485419
11/16/2012,55.17536289
11/17/2012,55.17536289
11/18/2012,55.17536289
11/19/2012,55.06503683
11/20/2012,55.09485518
11/21/2012,55.11518938
11/22/2012,55.14294578
11/23/2012,55.53505306
11/24/2012,55.53505306
11/25/2012,55.53505306
11/26/2012,55.62480716
11/27/2012,55.35992593
11/28/2012,55.46505314
11/29/2012,54.82530399
11/30/2012,54.42476513
12/1/2012,54.42476513
12/2/2012,54.42476513
12/3/2012,54.7767481
12/4/2012,54.66773602
12/5/2012,54.55644853
12/6/2012,54.1378519
12/7/2012,54.47500969
12/8/2012,54.47500969
12/9/2012,54.47500969
12/10/2012,54.50502707
12/11/2012,54.26999153
12/12/2012,54.2553681
12/13/2012,54.25349851
12/14/2012,54.49124685
12/15/2012,54.49124685
12/16/2012,54.49124685
12/17/2012,54.87537994
12/18/2012,54.85506147
12/19/2012,54.55495414
12/20/2012,54.86486486
12/21/2012,55.07532743
12/22/2012,55.07532743
12/23/2012,55.07532743
12/24/2012,54.9553639
12/25/2012,54.9553639
12/26/2012,54.9553639
12/27/2012,54.96230966
12/28/2012,54.75498748
12/29/2012,54.75498748
12/30/2012,54.75498748
12/31/2012,54.99469456
1/1/2013,54.99469456
1/2/2013,54.31307495
1/3/2013,54.50465578
1/4/2013,55.07531509
1/5/2013,55.07531509
1/6/2013,55.07531509
1/7/2013,55.22509395
1/8/2013,55.06495491
1/9/2013,54.75490196
1/10/2013,54.65347365
1/11/2013,54.75968058
1/12/2013,54.75968058
1/13/2013,54.75968058
1/14/2013,54.49966269
1/15/2013,54.62519697
1/16/2013,54.83467651
1/17/2013,54.39033513
1/18/2013,53.84569198
1/19/2013,53.84569198
1/20/2013,53.84569198
1/21/2013,53.75516025
1/22/2013,53.72005707
1/23/2013,53.60765191
1/24/2013,53.75533748
1/25/2013,53.79983666
1/26/2013,53.79983666
1/27/2013,53.79983666
1/28/2013,53.91475751
1/29/2013,53.74525422
1/30/2013,53.29000812
1/31/2013,53.22509225
2/1/2013,53.1977426
2/2/2013,53.1977426
2/3/2013,53.1977426
2/4/2013,53.27479339
2/5/2013,53.13511118
2/6/2013,53.15454613
2/7/2013,53.28510261
2/8/2013,53.50530881
2/9/2013,53.50530881
2/10/2013,53.50530881
2/11/2013,53.85482787
2/12/2013,53.83546659
2/13/2013,53.8189911
2/14/2013,53.93036692
2/15/2013,54.30018762
2/16/2013,54.30018762
2/17/2013,54.30018762
2/18/2013,54.30497304
2/19/2013,54.34489475
2/20/2013,54.07703815
2/21/2013,54.60488397
2/22/2013,54.25223722
2/23/2013,54.25223722
2/24/2013,54.25223722
2/25/2013,53.82516536
2/26/2013,54.09497591
2/27/2013,53.84515538
2/28/2013,54.37276259
3/1/2013,54.91384615
3/2/2013,54.91384615
3/3/2013,54.91384615
3/4/2013,54.86507265
3/5/2013,54.86496854
3/6/2013,54.75258918
3/7/2013,54.61260569
3/8/2013,54.37509549
3/9/2013,54.37509549
3/10/2013,54.37509549
3/11/2013,54.41280591
3/12/2013,54.19213974
3/13/2013,54.30629381
3/14/2013,54.36654557
3/15/2013,54.00504356
3/16/2013,54.00504356
3/17/2013,54.00504356
3/18/2013,54.12483564
3/19/2013,54.375
3/20/2013,54.34530707
3/21/2013,54.2447715
3/22/2013,54.341211
3/23/2013,54.341211
3/24/2013,54.341211
3/25/2013,54.22597603
3/26/2013,54.43278128
3/27/2013,54.46506892
3/28/2013,54.32721593
3/29/2013,54.32721593
3/30/2013,54.32721593
3/31/2013,54.32721593
4/1/2013,54.32721593
4/2/2013,54.17679128
4/3/2013,54.45509822
4/4/2013,54.89779997
4/5/2013,54.83467244
4/6/2013,54.83467244
4/7/2013,54.83467244
4/8/2013,54.53735698
4/9/2013,54.5398773
4/10/2013,54.52468287
4/11/2013,54.52473512
4/12/2013,54.52497702
4/13/2013,54.52497702
4/14/2013,54.52497702
4/15/2013,54.62885101
4/16/2013,54.10465382
4/17/2013,54.20519461
4/18/2013,53.97240322
4/19/2013,53.97255051
4/20/2013,53.97255051
4/21/2013,53.97255051
4/22/2013,54.14665951
4/23/2013,54.35488838
4/24/2013,54.22035983
4/25/2013,54.12538226
4/26/2013,54.32494807
4/27/2013,54.32494807
4/28/2013,54.32494807
4/29/2013,54.17295813
4/30/2013,53.75994492
5/1/2013,53.75994492
5/2/2013,53.76468804
5/3/2013,53.92481318
5/4/2013,53.92481318
5/5/2013,53.92481318
5/6/2013,54.16495003
5/7/2013,54.08789197
5/8/2013,54.12485725
5/9/2013,54.28093137
5/10/2013,54.9052972
5/11/2013,54.9052972
5/12/2013,54.9052972
5/13/2013,54.73776305
5/14/2013,54.76535409
5/15/2013,54.7673352
5/16/2013,54.77501939
5/17/2013,54.86517989
5/18/2013,54.86517989
5/19/2013,54.86517989
5/20/2013,55.08519412
5/21/2013,55.41504741
5/22/2013,55.56527122
5/23/2013,55.71461825
5/24/2013,55.74619368
5/25/2013,55.74619368
5/26/2013,55.74619368
5/27/2013,55.57616508
5/28/2013,55.96537332
5/29/2013,56.17510809
5/30/2013,56.43464153
5/31/2013,56.51084115
6/1/2013,56.51084115
6/2/2013,56.51084115
6/3/2013,56.74507995
6/4/2013,56.49480599
6/5/2013,56.78503099
6/6/2013,56.84098186
6/7/2013,57.07616893
6/8/2013,57.07616893
6/9/2013,57.07616893
6/10/2013,58.17624347
6/11/2013,58.40503277
6/12/2013,57.81501845
6/13/2013,58.08486669
6/14/2013,57.53514245
6/15/2013,57.53514245
6/16/2013,57.53514245
6/17/2013,57.9050761
6/18/2013,58.77074921
6/19/2013,58.79531553
6/20/2013,59.68484848
6/21/2013,59.27162367
6/22/2013,59.27162367
6/23/2013,59.27162367
6/24/2013,59.69967905
6/25/2013,59.6748896
6/26/2013,60.74170762
6/27/2013,60.20027624
6/28/2013,59.41972477
6/29/2013,59.41972477
6/30/2013,59.41972477
7/1/2013,59.54437371
7/2/2013,59.63509257
7/3/2013,60.26468092
7/4/2013,60.22489218
7/5/2013,60.36482186
7/6/2013,60.36482186
7/7/2013,60.36482186
7/8/2013,60.75486381
7/9/2013,60.14466827
7/10/2013,59.65503785
7/11/2013,59.82827354
7/12/2013,59.63019794
7/13/2013,59.63019794
7/14/2013,59.63019794
7/15/2013,59.89471257
7/16/2013,59.14468669
7/17/2013,59.46482948
7/18/2013,59.65019476
7/19/2013,59.50468643
7/20/2013,59.50468643
7/21/2013,59.50468643
7/22/2013,59.72353031
7/23/2013,59.72534143
7/24/2013,59.07972218
7/25/2013,59.10846841
7/26/2013,59.04223228
7/27/2013,59.04223228
7/28/2013,59.04223228
7/29/2013,59.41974378
7/30/2013,60.48479374
7/31/2013,60.40527307
8/1/2013,60.44348746
8/2/2013,61.10505188
8/3/2013,61.10505188
8/4/2013,61.10505188
8/5/2013,60.87500943
8/6/2013,60.80873494
8/7/2013,61.25216084
8/8/2013,60.86152695
8/9/2013,60.79712854
8/10/2013,60.79712854
8/11/2013,60.79712854
8/12/2013,61.2748494
8/13/2013,61.28367193
8/14/2013,61.44378162
8/15/2013,61.31984658
8/16/2013,61.71364318
8/17/2013,61.71364318
8/18/2013,61.71364318
8/19/2013,63.36780576
8/20/2013,63.57004182
8/21/2013,64.45756127
8/22/2013,64.88028222
8/23/2013,64.02470985
8/24/2013,64.02470985
8/25/2013,64.02470985
8/26/2013,64.46523464
8/27/2013,67.31518968
8/28/2013,68.9780475
8/29/2013,66.95537464
8/30/2013,66.37476388
8/31/2013,66.37476388
9/1/2013,66.37476388
9/2/2013,66.27015976
9/3/2013,68.24476162
9/4/2013,67.02528282
9/5/2013,66.11498258
9/6/2013,65.24510178
9/7/2013,65.24510178
9/8/2013,65.24510178
9/9/2013,65.24480825
9/10/2013,63.8897281
9/11/2013,63.36523967
9/12/2013,63.45071482
9/13/2013,63.58029334
9/14/2013,63.58029334
9/15/2013,63.58029334
9/16/2013,62.84719623
9/17/2013,63.37226715
9/18/2013,63.44967046
9/19/2013,61.90107051
9/20/2013,62.27763801
9/21/2013,62.27763801
9/22/2013,62.27763801
9/23/2013,62.65472313
9/24/2013,62.98003414
9/25/2013,62.51110782
9/26/2013,62.07867249
9/27/2013,62.49759917
9/28/2013,62.49759917
9/29/2013,62.49759917
9/30/2013,62.82413921
10/1/2013,62.62284197
10/2/2013,62.59119497
10/3/2013,61.73973812
10/4/2013,61.52578533
10/5/2013,61.52578533
10/6/2013,61.52578533
10/7/2013,61.82729148
10/8/2013,61.79507955
10/9/2013,61.85571587
10/10/2013,61.18016553
10/11/2013,61.07990565
10/12/2013,61.07990565
10/13/2013,61.07990565
10/14/2013,61.43394279
10/15/2013,61.62009931
10/16/2013,61.84499668
10/17/2013,61.22017274
10/18/2013,61.264981
10/19/2013,61.264981
10/20/2013,61.264981
10/21/2013,61.56435209
10/22/2013,61.59134123
10/23/2013,61.65212333
10/24/2013,61.43643607
10/25/2013,61.52863468
10/26/2013,61.52863468
10/27/2013,61.52863468
10/28/2013,61.52495647
10/29/2013,61.47007554
10/30/2013,61.23736823
10/31/2013,61.48229602
11/1/2013,61.72861903
11/2/2013,61.72861903
11/3/2013,61.72861903
11/4/2013,62.21531171
11/5/2013,61.81339855
11/6/2013,62.43545165
11/7/2013,62.59034792
11/8/2013,62.76524458
11/9/2013,62.76524458
11/10/2013,62.76524458
11/11/2013,63.24025683
11/12/2013,63.69565217
11/13/2013,63.44092434
11/14/2013,63.34995534
11/15/2013,63.12035661
11/16/2013,63.12035661
11/17/2013,63.12035661
11/18/2013,62.30302582
11/19/2013,62.17967708
11/20/2013,62.48466031
11/21/2013,62.94017221
11/22/2013,62.87098683
11/23/2013,62.87098683
11/24/2013,62.87098683
11/25/2013,62.49519017
11/26/2013,62.48394478
11/27/2013,62.1550456
11/28/2013,62.41024132
11/29/2013,62.43038719
11/30/2013,62.43038719
12/1/2013,62.43038719
12/2/2013,62.31973995
12/3/2013,62.35749006
12/4/2013,61.95409064
12/5/2013,61.69265853
12/6/2013,61.60237172
12/7/2013,61.60237172
12/8/2013,61.60237172
12/9/2013,61.13467425
12/10/2013,61.02901818
12/11/2013,61.30529527
12/12/2013,62.00798548
12/13/2013,62.16580462
12/14/2013,62.16580462
12/15/2013,62.16580462
12/16/2013,61.75014518
12/17/2013,61.88377337
12/18/2013,62.10197105
12/19/2013,62.37579571
12/20/2013,62.04027829
12/21/2013,62.04027829
12/22/2013,62.04027829
12/23/2013,61.81798278
12/24/2013,61.79479684
12/25/2013,61.79479684
12/26/2013,61.79479684
12/27/2013,61.9827711
12/28/2013,61.9827711
12/29/2013,61.9827711
12/30/2013,61.89073496
12/31/2013,61.89978972
1/1/2014,61.89978972
1/2/2014,62.26753551
1/3/2014,62.19891448
1/4/2014,62.19891448
1/5/2014,62.19891448
1/6/2014,62.24525805
1/7/2014,62.18752291
1/8/2014,62.02736501
1/9/2014,62.10769909
1/10/2014,61.9047619
1/11/2014,61.9047619
1/12/2014,61.9047619
1/13/2014,61.46696939
1/14/2014,61.48532963
1/15/2014,61.54328973
1/16/2014,61.56505111
1/17/2014,61.55035336
1/18/2014,61.55035336
1/19/2014,61.55035336
1/20/2014,61.57894737
1/21/2014,62.04347183
1/22/2014,61.88485921
1/23/2014,61.87843684
1/24/2014,62.6061226
1/25/2014,62.6061226
1/26/2014,62.6061226
1/27/2014,63.10147899
1/28/2014,62.51520258
1/29/2014,62.54482657
1/30/2014,62.68159717
1/31/2014,62.657591
2/1/2014,62.657591
2/2/2014,62.657591
2/3/2014,62.50629723
2/4/2014,62.52755381
2/5/2014,62.58000443
2/6/2014,62.42000741
2/7/2014,62.41859437
2/8/2014,62.41859437
2/9/2014,62.41859437
2/10/2014,62.35452412
2/11/2014,62.21877742
2/12/2014,62.10498784
2/13/2014,62.33638026
2/14/2014,61.94499161
2/15/2014,61.94499161
2/16/2014,61.94499161
2/17/2014,61.85750785
2/18/2014,62.10909621
2/19/2014,62.2262641
2/20/2014,62.36538742
2/21/2014,62.12738017
2/22/2014,62.12738017
2/23/2014,62.12738017
2/24/2014,62.06377867
2/25/2014,61.90351898
2/26/2014,62.13499927
2/27/2014,61.98498828
2/28/2014,61.75747484
3/1/2014,61.75747484
3/2/2014,61.75747484
3/3/2014,62.0209907
3/4/2014,61.86497676
3/5/2014,61.75502476
3/6/2014,61.11000364
3/7/2014,61.06103354
3/8/2014,61.06103354
3/9/2014,61.06103354
3/10/2014,60.84251855
3/11/2014,60.95379061
3/12/2014,61.21998992
3/13/2014,61.18003156
3/14/2014,61.19000288
3/15/2014,61.19000288
3/16/2014,61.19000288
3/17/2014,61.2944772
3/18/2014,61.14602216
3/19/2014,60.94501545
3/20/2014,61.33250981
3/21/2014,60.92503628
3/22/2014,60.92503628
3/23/2014,60.92503628
3/24/2014,60.78749819
3/25/2014,60.44890855
3/26/2014,60.10079037
3/27/2014,60.34147405
3/28/2014,60.30496402
3/29/2014,60.30496402
3/30/2014,60.30496402
3/31/2014,59.89149985
4/1/2014,59.96736766
4/2/2014,59.86248641
4/3/2014,60.17500545
4/4/2014,60.19708029
4/5/2014,60.19708029
4/6/2014,60.19708029
4/7/2014,60.19164906
4/8/2014,60.12501815
4/9/2014,60.13498623
4/10/2014,60.15598183
4/11/2014,60.17632641
4/12/2014,60.17632641
4/13/2014,60.17632641
4/14/2014,60.17632169
4/15/2014,60.23248569
4/16/2014,60.34949422
4/17/2014,60.32623602
4/18/2014,60.32623602
4/19/2014,60.32623602
4/20/2014,60.32623602
4/21/2014,60.32623602
4/22/2014,60.76999349
4/23/2014,61.13502964
4/24/2014,61.08502171
4/25/2014,60.6950329
4/26/2014,60.6950329
4/27/2014,60.6950329
4/28/2014,60.62996898
4/29/2014,60.42499638
4/30/2014,60.24
5/1/2014,60.24
5/2/2014,60.23402106
5/3/2014,60.23402106
5/4/2014,60.23402106
5/5/2014,60.09802508
5/6/2014,60.097526
5/7/2014,60.06498169
5/8/2014,59.94302301
5/9/2014,60.02503447
5/10/2014,60.02503447
5/11/2014,60.02503447
5/12/2014,60.04998184
5/13/2014,59.62307524
5/14/2014,59.46548582
5/15/2014,59.28999195
5/16/2014,58.91603388
5/17/2014,58.91603388
5/18/2014,58.91603388
5/19/2014,58.47612104
5/20/2014,58.63997957
5/21/2014,58.77997953
5/22/2014,58.45997951
5/23/2014,58.50858401
5/24/2014,58.50858401
5/25/2014,58.50858401
5/26/2014,58.71499817
5/27/2014,58.84000587
5/28/2014,58.92746914
5/29/2014,58.97443432
5/30/2014,59.08870434
5/31/2014,59.08870434
6/1/2014,59.08870434
6/2/2014,59.15627066
6/3/2014,59.40857457
6/4/2014,59.37220225
6/5/2014,59.19201002
6/6/2014,59.18252456
6/7/2014,59.18252456
6/8/2014,59.18252456
6/9/2014,59.08656673
6/10/2014,59.21310991
6/11/2014,59.31601092
6/12/2014,59.14503253
6/13/2014,59.78498596
6/14/2014,59.78498596
6/15/2014,59.78498596
6/16/2014,60.16996748
6/17/2014,60.13001179
6/18/2014,60.33001548
6/19/2014,60.03502203
6/20/2014,60.19347954
6/21/2014,60.19347954
6/22/2014,60.19347954
6/23/2014,60.15548691
6/24/2014,60.11998825
6/25/2014,60.13250092
6/26/2014,60.17999412
6/27/2014,60.10499266
6/28/2014,60.10499266
6/29/2014,60.10499266
6/30/2014,60.18619124
7/1/2014,60.07502922
7/2/2014,59.55499414
7/3/2014,59.64502418
7/4/2014,59.73498675
7/5/2014,59.73498675
7/6/2014,59.73498675
7/7/2014,60.01743673
7/8/2014,59.79314151
7/9/2014,59.76497831
7/10/2014,60.20604234
7/11/2014,59.99897021
7/12/2014,59.99897021
7/13/2014,59.99897021
7/14/2014,60.04997432
7/15/2014,60.10996841
7/16/2014,60.08003252
7/17/2014,60.17249538
7/18/2014,60.34003697
7/19/2014,60.34003697
7/20/2014,60.34003697
7/21/2014,60.30500074
7/22/2014,60.22001335
7/23/2014,60.04998143
7/24/2014,60.12997328
7/25/2014,60.09501488
7/26/2014,60.09501488
7/27/2014,60.09501488
7/28/2014,60.06201146
7/29/2014,60.17201579
7/30/2014,60.08924707
7/31/2014,60.55534793
8/1/2014,61.23553565
8/2/2014,61.23553565
8/3/2014,61.23553565
8/4/2014,60.93503204
8/5/2014,60.87998804
8/6/2014,61.47995504
8/7/2014,61.23249551
8/8/2014,61.19002091
8/9/2014,61.19002091
8/10/2014,61.19002091
8/11/2014,61.13514119
8/12/2014,61.30001499
8/13/2014,61.25
8/14/2014,60.83249832
8/15/2014,60.86652226
8/16/2014,60.86652226
8/17/2014,60.86652226
8/18/2014,60.84958529
8/19/2014,60.73326344
8/20/2014,60.70837097
8/21/2014,60.67101493
8/22/2014,60.52249943
8/23/2014,60.52249943
8/24/2014,60.52249943
8/25/2014,60.555
8/26/2014,60.51599454
8/27/2014,60.45116491
8/28/2014,60.62998938
8/29/2014,60.51713679
8/30/2014,60.51713679
8/31/2014,60.51713679
9/1/2014,60.5349882
9/2/2014,60.68997331
9/3/2014,60.41502547
9/4/2014,60.25347676
9/5/2014,60.40631758
9/6/2014,60.40631758
9/7/2014,60.40631758
9/8/2014,60.24870626
9/9/2014,60.60502248
9/10/2014,60.95498492
9/11/2014,60.95498144
9/12/2014,60.78184208
9/13/2014,60.78184208
9/14/2014,60.78184208
9/15/2014,61.12702347
9/16/2014,61.07552707
9/17/2014,60.91911084
9/18/2014,61.04296147
9/19/2014,60.82998755
9/20/2014,60.82998755
9/21/2014,60.82998755
9/22/2014,60.88703776
9/23/2014,60.95198573
9/24/2014,61
9/25/2014,61.42802077
9/26/2014,61.25047125
9/27/2014,61.25047125
9/28/2014,61.25047125
9/29/2014,61.61499095
9/30/2014,61.87427482
10/1/2014,61.7199873
10/2/2014,61.81648326
10/3/2014,61.81650285
10/4/2014,61.81650285
10/5/2014,61.81650285
10/6/2014,61.48030243
10/7/2014,61.42500198
10/8/2014,61.39185449
10/9/2014,60.9575335
10/10/2014,61.33502136
10/11/2014,61.33502136
10/12/2014,61.33502136
10/13/2014,60.99503115
10/14/2014,61.46101534
10/15/2014,61.42499605
10/16/2014,61.85802808
10/17/2014,61.43000858
10/18/2014,61.43000858
10/19/2014,61.43000858
10/20/2014,61.29499726
10/21/2014,61.20098731
10/22/2014,61.2260301
10/23/2014,61.18501855
10/24/2014,61.18500671
10/25/2014,61.18500671
10/26/2014,61.18500671
10/27/2014,61.30499251
10/28/2014,61.23250706
10/29/2014,61.28750883
10/30/2014,61.43403715
10/31/2014,61.36497924
11/1/2014,61.36497924
11/2/2014,61.36497924
11/3/2014,61.40502682
11/4/2014,61.40498642
11/5/2014,61.49927885
11/6/2014,61.48278341
11/7/2014,61.63616558
11/8/2014,61.63616558
11/9/2014,61.63616558
11/10/2014,61.50496556
11/11/2014,61.54499356
11/12/2014,61.43001524
11/13/2014,61.51999037
11/14/2014,61.81529431
11/15/2014,61.81529431
11/16/2014,61.81529431
11/17/2014,61.82802497
11/18/2014,61.75083906
11/19/2014,61.99401675
11/20/2014,61.92997847
11/21/2014,61.655128
11/22/2014,61.655128
11/23/2014,61.655128
11/24/2014,61.90902498
11/25/2014,61.89230522
11/26/2014,61.85002004
11/27/2014,61.875
11/28/2014,62.12200593
11/29/2014,62.12200593
11/30/2014,62.12200593
12/1/2014,62.03897666
12/2/2014,61.88296845
12/3/2014,61.80999108
12/4/2014,61.90098286
12/5/2014,61.78498625
12/6/2014,61.78498625
12/7/2014,61.78498625
12/8/2014,61.91997063
12/9/2014,61.96256771
12/10/2014,62.07496772
12/11/2014,62.4110074
12/12/2014,62.46401606
12/13/2014,62.46401606
12/14/2014,62.46401606
12/15/2014,63.23998069
12/16/2014,63.98803542
12/17/2014,63.62250964
12/18/2014,63.06650387
12/19/2014,63.30499226
12/20/2014,63.30499226
12/21/2014,63.30499226
12/22/2014,63.20001631
12/23/2014,63.29247523
12/24/2014,63.47401588
12/25/2014,63.47401588
12/26/2014,63.47401588
12/27/2014,63.47401588
12/28/2014,63.47401588
12/29/2014,63.67631385
12/30/2014,63.46101974
12/31/2014,63.1900173
1/1/2015,63.1900173
1/2/2015,63.35630657
1/3/2015,63.35630657
1/4/2015,63.35630657
1/5/2015,63.46252623
1/6/2015,63.57226792
1/7/2015,63.17496408
1/8/2015,62.56798097
1/9/2015,62.32396512
1/10/2015,62.32396512
1/11/2015,62.32396512
1/12/2015,62.1640122
1/13/2015,62.04303174
1/14/2015,62.18878981
1/15/2015,61.78348138
1/16/2015,61.86201243
1/17/2015,61.86201243
1/18/2015,61.86201243
1/19/2015,61.7125377
1/20/2015,61.7065377
1/21/2015,61.57500216
1/22/2015,61.55896023
1/23/2015,61.49848187
1/24/2015,61.49848187
1/25/2015,61.49848187
1/26/2015,61.4275169
1/27/2015,61.38422077
1/28/2015,61.40497179
1/29/2015,61.9003977
1/30/2015,62.01972579
1/31/2015,62.01972579
2/1/2015,62.01972579
2/2/2015,61.86870027
2/3/2015,61.71642053
2/4/2015,61.83260528
2/5/2015,61.73847502
2/6/2015,61.71416092
2/7/2015,61.71416092
2/8/2015,61.71416092
2/9/2015,62.12993348
2/10/2015,62.19500752
2/11/2015,62.35548878
2/12/2015,62.27657133
2/13/2015,62.17002021
2/14/2015,62.17002021
2/15/2015,62.17002021
2/16/2015,62.21388499
2/17/2015,62.18948752
2/18/2015,62.30214562
2/19/2015,62.20988847
2/20/2015,62.23420074
2/21/2015,62.23420074
2/22/2015,62.23420074
2/23/2015,62.31501151
2/24/2015,62.20250706
2/25/2015,61.96747753
2/26/2015,61.75117081
2/27/2015,61.81690391
2/28/2015,61.81690391
3/1/2015,61.81690391
3/2/2015,61.94130222
3/3/2015,61.92191977
3/4/2015,62.26411363
3/5/2015,62.25476556
3/6/2015,62.39751893
3/7/2015,62.39751893
3/8/2015,62.39751893
3/9/2015,62.68047882
3/10/2015,62.78683181
3/11/2015,62.78133863
3/12/2015,62.44812965
3/13/2015,63.02799849
3/14/2015,63.02799849
3/15/2015,63.02799849
3/16/2015,62.87231221
3/17/2015,62.73211095
3/18/2015,62.76000755
3/19/2015,62.58302894
3/20/2015,62.33203415
3/21/2015,62.33203415
3/22/2015,62.33203415
3/23/2015,62.27749267
3/24/2015,62.32730594
3/25/2015,62.37141557
3/26/2015,62.72632826
3/27/2015,62.51842299
3/28/2015,62.51842299
3/29/2015,62.51842299
3/30/2015,62.62609497
3/31/2015,62.52793011
4/1/2015,62.49753603
4/2/2015,62.18190212
4/3/2015,62.18190212
4/4/2015,62.18190212
4/5/2015,62.18190212
4/6/2015,62.18190212
4/7/2015,62.31953536
4/8/2015,62.24498251
4/9/2015,62.19741971
4/10/2015,62.35572375
4/11/2015,62.35572375
4/12/2015,62.35572375
4/13/2015,62.42143669
4/14/2015,62.38640666
4/15/2015,62.37130164
4/16/2015,62.26057324
4/17/2015,62.39504346
4/18/2015,62.39504346
4/19/2015,62.39504346
4/20/2015,62.97304859
4/21/2015,62.90570093
4/22/2015,62.9451736
4/23/2015,63.32250279
4/24/2015,63.56254619
4/25/2015,63.56254619
4/26/2015,63.56254619
4/27/2015,63.56736278
4/28/2015,63.14496202
4/29/2015,63.42855844
4/30/2015,63.50004458
5/1/2015,63.50004458
5/2/2015,63.50004458
5/3/2015,63.50004458
5/4/2015,63.66221306
5/5/2015,63.42916254
5/6/2015,63.53998219
5/7/2015,64.15559487
5/8/2015,63.9899296
5/9/2015,63.9899296
5/10/2015,63.9899296
5/11/2015,63.84401364
5/12/2015,64.28917163
5/13/2015,64.00998129
5/14/2015,63.68000701
5/15/2015,63.66163489
5/16/2015,63.66163489
5/17/2015,63.66163489
5/18/2015,63.668013
5/19/2015,63.69883721
5/20/2015,63.79429754
5/21/2015,63.61277284
5/22/2015,63.47088857
5/23/2015,63.47088857
5/24/2015,63.47088857
5/25/2015,63.55993806
5/26/2015,63.92504119
5/27/2015,64.05118291
5/28/2015,63.82250367
5/29/2015,63.8006381
5/30/2015,63.8006381
5/31/2015,63.8006381
6/1/2015,63.69910453
6/2/2015,63.83597788
6/3/2015,63.90533501
6/4/2015,64.00653884
6/5/2015,63.79051524
6/6/2015,63.79051524
6/7/2015,63.79051524
6/8/2015,64.08887296
6/9/2015,63.97413103
6/10/2015,63.8748116
6/11/2015,63.98183761
6/12/2015,64.07959002
6/13/2015,64.07959002
6/14/2015,64.07959002
6/15/2015,64.16749866
6/16/2015,64.30931788
6/17/2015,64.13999468
6/18/2015,63.73246229
6/19/2015,63.56252766
6/20/2015,63.56252766
6/21/2015,63.56252766
6/22/2015,63.52578228
6/23/2015,63.61495894
6/24/2015,63.58833497
6/25/2015,63.58200964
6/26/2015,63.60096411
6/27/2015,63.60096411
6/28/2015,63.60096411
6/29/2015,63.83679152
6/30/2015,63.62257574
7/1/2015,63.60504505
7/2/2015,63.51247063
7/3/2015,63.43880678
7/4/2015,63.43880678
7/5/2015,63.43880678
7/6/2015,63.44458576
7/7/2015,63.48458512
7/8/2015,63.59633527
7/9/2015,63.38999457
7/10/2015,63.4
7/11/2015,63.4
7/12/2015,63.4
7/13/2015,63.5419495
7/14/2015,63.3400417
7/15/2015,63.42247252
7/16/2015,63.51090457
7/17/2015,63.47378088
7/18/2015,63.47378088
7/19/2015,63.47378088
7/20/2015,63.65508662
7/21/2015,63.61001196
7/22/2015,63.64098331
7/23/2015,63.76752432
7/24/2015,64.11957217
7/25/2015,64.11957217
7/26/2015,64.11957217
7/27/2015,64.17001266
7/28/2015,63.91501134
7/29/2015,63.9049864
7/30/2015,64.04116842
7/31/2015,64.13622686
8/1/2015,64.13622686
8/2/2015,64.13622686
8/3/2015,64.0437403
8/4/2015,63.75248337
8/5/2015,63.75503078
8/6/2015,63.7649977
8/7/2015,63.81500777
8/8/2015,63.81500777
8/9/2015,63.81500777
8/10/2015,63.87116788
8/11/2015,64.20497512
8/12/2015,64.71896011
8/13/2015,65.22909353
8/14/2015,65.00751947
8/15/2015,65.00751947
8/16/2015,65.00751947
8/17/2015,65.31504505
8/18/2015,65.31500904
8/19/2015,65.27370709
8/20/2015,65.5500313
8/21/2015,65.90320007
8/22/2015,65.90320007
8/23/2015,65.90320007
8/24/2015,66.77228842
8/25/2015,66.09629758
8/26/2015,66.19452728
8/27/2015,66.0450195
8/28/2015,66.16249556
8/29/2015,66.16249556
8/30/2015,66.16249556
8/31/2015,66.40196166
9/1/2015,66.30971876
9/2/2015,66.19378054
9/3/2015,66.24249711
9/4/2015,66.4953313
9/5/2015,66.4953313
9/6/2015,66.4953313
9/7/2015,66.85689934
9/8/2015,66.50241892
9/9/2015,66.41125774
9/10/2015,66.43370586
9/11/2015,66.46849485
9/12/2015,66.46849485
9/13/2015,66.46849485
9/14/2015,66.36178682
9/15/2015,66.36378092
9/16/2015,66.46001069
9/17/2015,66.25
9/18/2015,65.6737893
9/19/2015,65.6737893
9/20/2015,65.6737893
9/21/2015,65.71528889
9/22/2015,65.89583147
9/23/2015,65.98116592
9/24/2015,66.23912463
9/25/2015,66.15630885
9/26/2015,66.15630885
9/27/2015,66.15630885
9/28/2015,66.10483438
9/29/2015,65.99526955
9/30/2015,65.59002053
10/1/2015,65.51250785
10/2/2015,65.5125448
10/3/2015,65.5125448
10/4/2015,65.5125448
10/5/2015,65.3000178
10/6/2015,65.38257306
10/7/2015,64.89792295
10/8/2015,65.09614359
10/9/2015,64.80003521
10/10/2015,64.80003521
10/11/2015,64.80003521
10/12/2015,64.75248395
10/13/2015,65.1849833
10/14/2015,64.98378615
10/15/2015,64.8249847
10/16/2015,64.86716549
10/17/2015,64.86716549
10/18/2015,64.86716549
10/19/2015,64.80499426
10/20/2015,65.05750462
10/21/2015,65.1262991
10/22/2015,65.12631486
10/23/2015,64.82876218
10/24/2015,64.82876218
10/25/2015,64.82876218
10/26/2015,64.90645718
10/27/2015,64.96365609
10/28/2015,65.00090212
10/29/2015,65.36404392
10/30/2015,65.36761369
10/31/2015,65.36761369
11/1/2015,65.36761369
11/2/2015,65.58502538
11/3/2015,65.72786079
11/4/2015,65.4863283
11/5/2015,65.89175779
11/6/2015,65.90003682
11/7/2015,65.90003682
11/8/2015,65.90003682
11/9/2015,66.42251299
11/10/2015,66.2700028
11/11/2015,66.23553565
11/12/2015,66.31381689
11/13/2015,66.14641397
11/14/2015,66.14641397
11/15/2015,66.14641397
11/16/2015,65.99020796
11/17/2015,66.00955951
11/18/2015,66.22013876
11/19/2015,66.22999906
11/20/2015,66.19498503
11/21/2015,66.19498503
11/22/2015,66.19498503
11/23/2015,66.38124353
11/24/2015,66.33949864
11/25/2015,66.30030229
11/26/2015,66.56633999
11/27/2015,66.7721172
11/28/2015,66.7721172
11/29/2015,66.7721172
11/30/2015,66.66745439
12/1/2015,66.52103774
12/2/2015,66.54457218
12/3/2015,66.66132509
12/4/2015,66.77857274
12/5/2015,66.77857274
12/6/2015,66.77857274
12/7/2015,66.7337404
12/8/2015,66.83871264
12/9/2015,66.83995978
12/10/2015,66.74732706
12/11/2015,67.00630137
12/12/2015,67.00630137
12/13/2015,67.00630137
12/14/2015,67.14504234
12/15/2015,66.89363057
12/16/2015,66.71087533
12/17/2015,66.26694954
12/18/2015,66.40365449
12/19/2015,66.40365449
12/20/2015,66.40365449
12/21/2015,66.31554738
12/22/2015,66.24123448
12/23/2015,66.20996702
12/24/2015,66.21001188
12/25/2015,66.21001188
12/26/2015,66.21001188
12/27/2015,66.21001188
12/28/2015,66.10253603
12/29/2015,66.33108108
12/30/2015,66.38751602
12/31/2015,66.15366951
1/1/2016,66.15366951
1/2/2016,66.15366951
1/3/2016,66.15366951
1/4/2016,66.63332722
1/5/2016,66.58654383
1/6/2016,66.86296779
1/7/2016,66.89473684
1/8/2016,66.67949544
1/9/2016,66.67949544
1/10/2016,66.67949544
1/11/2016,66.80868846
1/12/2016,66.86997047
1/13/2016,66.86501479
1/14/2016,67.43009272
1/15/2016,67.7899945
1/16/2016,67.7899945
1/17/2016,67.7899945
1/18/2016,67.68876239
1/19/2016,67.61501656
1/20/2016,67.99550747
1/21/2016,67.99632792
1/22/2016,67.6299963
1/23/2016,67.6299963
1/24/2016,67.6299963
1/25/2016,67.77374018
1/26/2016,67.89674264
1/27/2016,68.04996326
1/28/2016,68.22498395
1/29/2016,67.86071429
1/30/2016,67.86071429
1/31/2016,67.86071429
2/1/2016,67.90701948
2/2/2016,67.98470556
2/3/2016,68.04170859
2/4/2016,67.69587721
2/5/2016,67.65372255
2/6/2016,67.65372255
2/7/2016,67.65372255
2/8/2016,68.0339609
2/9/2016,68.04458882
2/10/2016,67.85502354
2/11/2016,68.43659117
2/12/2016,68.2410643
2/13/2016,68.2410643
2/14/2016,68.2410643
2/15/2016,68.07200358
2/16/2016,68.42065198
2/17/2016,68.49856322
2/18/2016,68.51867557
2/19/2016,68.46746575
2/20/2016,68.46746575
2/21/2016,68.46746575
2/22/2016,68.56049338
2/23/2016,68.53835666
2/24/2016,68.56251707
2/25/2016,68.87503401
2/26/2016,68.69071416
2/27/2016,68.69071416
2/28/2016,68.69071416
2/29/2016,68.316036
3/1/2016,67.85320088
3/2/2016,67.53085851
3/3/2016,67.27502064
3/4/2016,67.08386509
3/5/2016,67.08386509
3/6/2016,67.08386509
3/7/2016,67.08892541
3/8/2016,67.30730867
3/9/2016,67.15027796
3/10/2016,66.92870959
3/11/2016,67.01262399
3/12/2016,67.01262399
3/13/2016,67.01262399
3/14/2016,67.06115658
3/15/2016,67.35826807
3/16/2016,67.23499638
3/17/2016,66.6422067
3/18/2016,66.28468836
3/19/2016,66.28468836
3/20/2016,66.28468836
3/21/2016,66.53650963
3/22/2016,66.67900464
3/23/2016,66.79572106
3/24/2016,66.86300879
3/25/2016,66.86300879
3/26/2016,66.86300879
3/27/2016,66.86300879
3/28/2016,66.86300879
3/29/2016,66.53055208
3/30/2016,66.38643589
3/31/2016,66.25366711
4/1/2016,66.35129461
4/2/2016,66.35129461
4/3/2016,66.35129461
4/4/2016,66.10500879
4/5/2016,66.45860825
4/6/2016,66.67078335
4/7/2016,66.62574798
4/8/2016,66.59948957
4/9/2016,66.59948957
4/10/2016,66.59948957
4/11/2016,66.4666374
4/12/2016,66.3987364
4/13/2016,66.60382369
4/14/2016,66.5346605
4/15/2016,66.59207728
4/16/2016,66.59207728
4/17/2016,66.59207728
4/18/2016,66.57880771
4/19/2016,66.55249934
4/20/2016,66.19825995
4/21/2016,66.27873184
4/22/2016,66.53866643
4/23/2016,66.53866643
4/24/2016,66.53866643
4/25/2016,66.60067472
4/26/2016,66.56977053
4/27/2016,66.46669026
4/28/2016,66.50026413
4/29/2016,66.38472332
4/30/2016,66.38472332
5/1/2016,66.38472332
5/2/2016,66.40433307
5/3/2016,66.39536693
5/4/2016,66.589309
5/5/2016,66.50450214
5/6/2016,66.63253697
5/7/2016,66.63253697
5/8/2016,66.63253697
5/9/2016,66.60465116
5/10/2016,66.6756044
5/11/2016,66.60837935
5/12/2016,66.66871543
5/13/2016,66.78048995
5/14/2016,66.78048995
5/15/2016,66.78048995
5/16/2016,66.84387142
5/17/2016,66.82143488
5/18/2016,66.97934214
5/19/2016,67.46610699
5/20/2016,67.47259114
5/21/2016,67.47259114
5/22/2016,67.47259114
5/23/2016,67.52233616
5/24/2016,67.6737106
5/25/2016,67.37843172
5/26/2016,67.08049785
5/27/2016,67.0370702
5/28/2016,67.0370702
5/29/2016,67.0370702
5/30/2016,67.13933028
5/31/2016,67.19652143
6/1/2016,67.45838554
6/2/2016,67.30157311
6/3/2016,67.25031379
6/4/2016,67.25031379
6/5/2016,67.25031379
6/6/2016,66.96581197
6/7/2016,66.74347903
6/8/2016,66.55036034
6/9/2016,66.73058274
6/10/2016,66.80820948
6/11/2016,66.80820948
6/12/2016,66.80820948
6/13/2016,67.10374512
6/14/2016,67.30957684
6/15/2016,67.11219947
6/16/2016,67.2999821
6/17/2016,67.08503643
6/18/2016,67.08503643
6/19/2016,67.08503643
6/20/2016,67.35615955
6/21/2016,67.57053208
6/22/2016,67.49561287
6/23/2016,67.30266046
6/24/2016,68.00469908
6/25/2016,68.00469908
6/26/2016,68.00469908
6/27/2016,67.95462811
6/28/2016,67.91926307
6/29/2016,67.60081154
6/30/2016,67.5196361
7/1/2016,67.32806466
7/2/2016,67.32806466
7/3/2016,67.32806466
7/4/2016,67.2530975
7/5/2016,67.47120043
7/6/2016,67.42099557
7/7/2016,67.42274368
7/8/2016,67.31093044
7/9/2016,67.31093044
7/10/2016,67.31093044
7/11/2016,67.14318038
7/12/2016,67.09520375
7/13/2016,67.02989523
7/14/2016,66.8584745
7/15/2016,67.02462257
7/16/2016,67.02462257
7/17/2016,67.02462257
7/18/2016,67.1996743
7/19/2016,67.13402809
7/20/2016,67.20448561
7/21/2016,67.21497957
7/22/2016,67.07672054
7/23/2016,67.07672054
7/24/2016,67.07672054
7/25/2016,67.3487525
7/26/2016,67.32927162
7/27/2016,67.20953507
7/28/2016,67.04625789
7/29/2016,66.95491766
7/30/2016,66.95491766
7/31/2016,66.95491766
8/1/2016,66.70010749
8/2/2016,66.71401769
8/3/2016,66.895
8/4/2016,66.87679598
8/5/2016,66.77294729
8/6/2016,66.77294729
8/7/2016,66.77294729
8/8/2016,66.83503202
8/9/2016,66.88842751
8/10/2016,66.64073677
8/11/2016,66.84820228
8/12/2016,66.86404374
8/13/2016,66.86404374
8/14/2016,66.86404374
8/15/2016,66.88542039
8/16/2016,66.76414343
8/17/2016,66.86759489
8/18/2016,66.80787916
8/19/2016,67.17729119
8/20/2016,67.17729119
8/21/2016,67.17729119
8/22/2016,67.21386874
8/23/2016,67.06905371
8/24/2016,67.11643592
8/25/2016,67.04818423
8/26/2016,67.00354296
8/27/2016,67.00354296
8/28/2016,67.00354296
8/29/2016,67.17412713
8/30/2016,67.04002507
8/31/2016,66.97466762
9/1/2016,66.95944734
9/2/2016,66.79353167
9/3/2016,66.79353167
9/4/2016,66.79353167
9/5/2016,66.45751165
9/6/2016,66.49117304
9/7/2016,66.35712379
9/8/2016,66.38013456
9/9/2016,66.74032659
9/10/2016,66.74032659
9/11/2016,66.74032659
9/12/2016,66.90762516
9/13/2016,66.89517205
9/14/2016,66.92012837
9/15/2016,66.91754043
9/16/2016,67.02030999
9/17/2016,67.02030999
9/18/2016,67.02030999
9/19/2016,66.98029557
9/20/2016,67.02610873
9/21/2016,66.97757848
9/22/2016,66.62395444
9/23/2016,66.62297129
9/24/2016,66.62297129
9/25/2016,66.62297129
9/26/2016,66.64890783
9/27/2016,66.4701426
9/28/2016,66.45122494
9/29/2016,66.86614384
9/30/2016,66.62978228
10/1/2016,66.62978228
10/2/2016,66.62978228
10/3/2016,66.54147383
10/4/2016,66.48463399
10/5/2016,66.57291945
10/6/2016,66.73625391
10/7/2016,66.70601436
10/8/2016,66.70601436
10/9/2016,66.70601436
10/10/2016,66.51657706
10/11/2016,66.59084755
10/12/2016,66.79673321
10/13/2016,66.89391194
10/14/2016,66.74968188
10/15/2016,66.74968188
10/16/2016,66.74968188
10/17/2016,66.81508095
10/18/2016,66.7101792
10/19/2016,66.66271974
10/20/2016,66.79826958
10/21/2016,66.89785045
10/22/2016,66.89785045
10/23/2016,66.89785045
10/24/2016,66.8418878
10/25/2016,66.81107432
10/26/2016,66.84256293
10/27/2016,66.81934657
10/28/2016,66.79866325
10/29/2016,66.79866325
10/30/2016,66.79866325
10/31/2016,66.77690481
11/1/2016,66.70521542
11/2/2016,66.67057233
11/3/2016,66.74439624
11/4/2016,66.74434328
11/5/2016,66.74434328
11/6/2016,66.74434328
11/7/2016,66.75465558
11/8/2016,66.5958507
11/9/2016,66.57276356
11/10/2016,66.73565856
11/11/2016,67.25009171
11/12/2016,67.25009171
11/13/2016,67.25009171
11/14/2016,67.81107915
11/15/2016,67.75522527
11/16/2016,68.06858531
11/17/2016,67.86880657
11/18/2016,67.9433625
11/19/2016,67.9433625
11/20/2016,67.9433625
11/21/2016,68.14881008
11/22/2016,68.29518696
11/23/2016,68.73655914
11/24/2016,68.75663633
11/25/2016,68.53521526
11/26/2016,68.53521526
11/27/2016,68.53521526
11/28/2016,68.72024934
11/29/2016,68.69941377
11/30/2016,68.5086977
12/1/2016,68.35136915
12/2/2016,68.25596692
12/3/2016,68.25596692
12/4/2016,68.25596692
12/5/2016,68.1643618
12/6/2016,67.80091299
12/7/2016,67.64492078
12/8/2016,67.37177105
12/9/2016,67.56416327
12/10/2016,67.56416327
12/11/2016,67.56416327
12/12/2016,67.42969045
12/13/2016,67.53911404
12/14/2016,67.47886133
12/15/2016,67.80161244
12/16/2016,67.80007664
12/17/2016,67.80007664
12/18/2016,67.80007664
12/19/2016,67.85885627
12/20/2016,68.06976071
12/21/2016,67.88024182
12/22/2016,67.98209498
12/23/2016,67.80346544
12/24/2016,67.80346544
12/25/2016,67.80346544
12/26/2016,67.80346544
12/27/2016,68.01627573
12/28/2016,68.2323815
12/29/2016,68.01396728
12/30/2016,67.91907789
12/31/2016,67.91907789
1/1/2017,67.91907789
1/2/2017,68.13951266
1/3/2017,68.36880116
1/4/2017,68.06457794
1/5/2017,67.93581564
1/6/2017,67.98989517
1/7/2017,67.98989517
1/8/2017,67.98989517
1/9/2017,68.16993153
1/10/2017,68.21756411
1/11/2017,68.39141198
1/12/2017,67.97967975
1/13/2017,68.16293031
1/14/2017,68.16293031
1/15/2017,68.16293031
1/16/2017,68.12063432
1/17/2017,67.98343317
1/18/2017,68.11374719
1/19/2017,68.13601425
1/20/2017,68.17390895
1/21/2017,68.17390895
1/22/2017,68.17390895
1/23/2017,68.15958936
1/24/2017,68.09545962
1/25/2017,68.08014521
1/26/2017,68.18411215
1/27/2017,68.06759667
1/28/2017,68.06759667
1/29/2017,68.06759667
1/30/2017,67.95061148
1/31/2017,67.68991167
2/1/2017,67.42724745
2/2/2017,67.23168024
2/3/2017,67.32101294
2/4/2017,67.32101294
2/5/2017,67.32101294
2/6/2017,67.16299477
2/7/2017,67.42201405
2/8/2017,67.14439756
2/9/2017,66.74148896
2/10/2017,66.93338978
2/11/2017,66.93338978
2/12/2017,66.93338978
2/13/2017,66.97525637
2/14/2017,66.81304716
2/15/2017,66.88820464
2/16/2017,66.99680811
2/17/2017,67.1
2/18/2017,67.1
2/19/2017,67.1
2/20/2017,66.93905426
2/21/2017,66.93556041
2/22/2017,66.98658803
2/23/2017,66.72325735
2/24/2017,66.60806862
2/25/2017,66.60806862
2/26/2017,66.60806862
2/27/2017,66.69689242
2/28/2017,66.64999528
3/1/2017,66.83376056
3/2/2017,66.7681187
3/3/2017,66.81684808
3/4/2017,66.81684808
3/5/2017,66.81684808
3/6/2017,66.64983006
3/7/2017,66.63199697
3/8/2017,66.7828723
3/9/2017,66.72305943
3/10/2017,66.6344522
3/11/2017,66.6344522
3/12/2017,66.6344522
3/13/2017,66.1610241
3/14/2017,65.76709623
3/15/2017,65.66324609
3/16/2017,65.37432407
3/17/2017,65.42889075
3/18/2017,65.42889075
3/19/2017,65.42889075
3/20/2017,65.36504836
3/21/2017,65.25921126
3/22/2017,65.42009808
3/23/2017,65.46402744
3/24/2017,65.38824618
3/25/2017,65.38824618
3/26/2017,65.38824618
3/27/2017,65.03535678
3/28/2017,65.05525371
3/29/2017,64.90416822
3/30/2017,64.90732979
3/31/2017,64.91114021
4/1/2017,64.91114021
4/2/2017,64.91114021
4/3/2017,64.98499203
4/4/2017,65.18167308
4/5/2017,64.89323843
4/6/2017,64.51809488
4/7/2017,64.32502352
4/8/2017,64.32502352
4/9/2017,64.32502352
4/10/2017,64.55993572
4/11/2017,64.48285607
4/12/2017,64.67656766
4/13/2017,64.43226717
4/14/2017,64.43226717
4/15/2017,64.43226717
4/16/2017,64.43226717
4/17/2017,64.43226717
4/18/2017,64.60213443
4/19/2017,64.56223776
4/20/2017,64.6230805
4/21/2017,64.60880538
4/22/2017,64.60880538
4/23/2017,64.60880538
4/24/2017,64.44782448
4/25/2017,64.28518961
4/26/2017,64.12283118
4/27/2017,64.11726863
4/28/2017,64.2831656
4/29/2017,64.2831656
4/30/2017,64.2831656
5/1/2017,64.2831656
5/2/2017,64.22583601
5/3/2017,64.15788992
5/4/2017,64.18596138
5/5/2017,64.37825016
5/6/2017,64.37825016
5/7/2017,64.37825016
5/8/2017,64.31294569
5/9/2017,64.65604335
5/10/2017,64.54603933
5/11/2017,64.37016575
5/12/2017,64.30627069
5/13/2017,64.30627069
5/14/2017,64.30627069
5/15/2017,64.04711994
5/16/2017,64.06591916
5/17/2017,64.10092651
5/18/2017,65.04699434
5/19/2017,64.58717238
5/20/2017,64.58717238
5/21/2017,64.58717238
5/22/2017,64.53526639
5/23/2017,64.89478377
5/24/2017,64.73465559
5/25/2017,64.60228286
5/26/2017,64.50294748
5/27/2017,64.50294748
5/28/2017,64.50294748
5/29/2017,64.53789775
5/30/2017,64.65720934
5/31/2017,64.46306033
6/1/2017,64.46519298
6/2/2017,64.44281002
6/3/2017,64.44281002
6/4/2017,64.44281002
6/5/2017,64.36305449
6/6/2017,64.47281933
6/7/2017,64.34697334
6/8/2017,64.24125033
6/9/2017,64.24481031
6/10/2017,64.24481031
6/11/2017,64.24481031
6/12/2017,64.43988949
6/13/2017,64.3603459
6/14/2017,64.29974114
6/15/2017,64.60863335
6/16/2017,64.43225575
6/17/2017,64.43225575
6/18/2017,64.43225575
6/19/2017,64.42226985
6/20/2017,64.51281821
6/21/2017,64.50210819
6/22/2017,64.59978512
6/23/2017,64.53280229
6/24/2017,64.53280229
6/25/2017,64.53280229
6/26/2017,64.44802002
6/27/2017,64.51010818
6/28/2017,64.5578022
6/29/2017,64.58687462
6/30/2017,64.6201367
7/1/2017,64.6201367
7/2/2017,64.6201367
7/3/2017,64.85794705
7/4/2017,64.73795473
7/5/2017,64.79609851
7/6/2017,64.76284585
7/7/2017,64.57719944
7/8/2017,64.57719944
7/9/2017,64.57719944
7/10/2017,64.4950382
7/11/2017,64.59009206
7/12/2017,64.5353306
7/13/2017,64.44994307
7/14/2017,64.38458169
7/15/2017,64.38458169
7/16/2017,64.38458169
7/17/2017,64.34522771
7/18/2017,64.3331891
7/19/2017,64.29506633
7/20/2017,64.44057466
7/21/2017,64.33989005
7/22/2017,64.33989005
7/23/2017,64.33989005
7/24/2017,64.39775069
7/25/2017,64.38515478
7/26/2017,64.35717966
7/27/2017,64.15512228
7/28/2017,64.16190639
7/29/2017,64.16190639
7/30/2017,64.16190639
7/31/2017,64.1858958
8/1/2017,64.09964443
8/2/2017,63.68010821
8/3/2017,63.67706577
8/4/2017,63.6193967
8/5/2017,63.6193967
8/6/2017,63.6193967
8/7/2017,63.83021107
8/8/2017,63.64186558
8/9/2017,63.85985849
8/10/2017,64.10501193
8/11/2017,64.16999575
8/12/2017,64.16999575
8/13/2017,64.16999575
8/14/2017,64.11714843
8/15/2017,64.11997616
8/16/2017,64.19000854
8/17/2017,64.16987262
8/18/2017,64.14522998
8/19/2017,64.14522998
8/20/2017,64.14522998
8/21/2017,64.14293002
8/22/2017,64.09948178
8/23/2017,64.07958302
8/24/2017,64.03227173
8/25/2017,64.02227304
8/26/2017,64.02227304
8/27/2017,64.02227304
8/28/2017,63.9048218
8/29/2017,64.02224436
8/30/2017,64.02526015
8/31/2017,63.93192389
9/1/2017,64.03313758
9/2/2017,64.03313758
9/3/2017,64.03313758
9/4/2017,64.0398992
9/5/2017,64.127418
9/6/2017,64.11239628
9/7/2017,64.01511987
9/8/2017,63.78482587
9/9/2017,63.78482587
9/10/2017,63.78482587
9/11/2017,63.91097774
9/12/2017,64.05639822
9/13/2017,63.99991652
9/14/2017,64.12242322
9/15/2017,64.08300594
9/16/2017,64.08300594
9/17/2017,64.08300594
9/18/2017,64.13751255
9/19/2017,64.33127297
9/20/2017,64.29291247
9/21/2017,64.80428391
9/22/2017,64.7947496
9/23/2017,64.7947496
9/24/2017,64.7947496
9/25/2017,65.10786214
9/26/2017,65.49037075
9/27/2017,65.71246061
9/28/2017,65.47376465
9/29/2017,65.27951889
9/30/2017,65.27951889
10/1/2017,65.27951889
10/2/2017,65.30696526
10/3/2017,65.50412661
10/4/2017,65.021634
10/5/2017,65.14776018
10/6/2017,65.38310413
10/7/2017,65.38310413
10/8/2017,65.38310413
10/9/2017,65.35203474
10/10/2017,65.24709672
10/11/2017,65.14454776
10/12/2017,65.03002699
10/13/2017,64.95554615
10/14/2017,64.95554615
10/15/2017,64.95554615
10/16/2017,64.74243836
10/17/2017,65.03061485
10/18/2017,65.05277045
10/19/2017,65.02788575
10/20/2017,65.00998477
10/21/2017,65.00998477
10/22/2017,65.00998477
10/23/2017,65.0225724
10/24/2017,65.11266049
10/25/2017,64.92490454
10/26/2017,64.86003574
10/27/2017,65.05988798
10/28/2017,65.05988798
10/29/2017,65.05988798
10/30/2017,64.89493627
10/31/2017,64.74995704
11/1/2017,64.59955219
11/2/2017,64.6019751
11/3/2017,64.52260444
11/4/2017,64.52260444
11/5/2017,64.52260444
11/6/2017,64.67256255
11/7/2017,64.99481059
11/8/2017,64.98748921
11/9/2017,64.96990542
11/10/2017,65.16217608
11/11/2017,65.16217608
11/12/2017,65.16217608
11/13/2017,65.45212766
11/14/2017,65.40229885
11/15/2017,65.21537162
11/16/2017,65.32240251
11/17/2017,65.01229334
11/18/2017,65.01229334
11/19/2017,65.01229334
11/20/2017,65.10270775
11/21/2017,64.91764806
11/22/2017,64.89999149
11/23/2017,64.57798785
11/24/2017,64.68005389
11/25/2017,64.68005389
11/26/2017,64.68005389
11/27/2017,64.50217537
11/28/2017,64.41747981
11/29/2017,64.31216708
11/30/2017,64.46746561
12/1/2017,64.49726546
12/2/2017,64.49726546
12/3/2017,64.49726546
12/4/2017,64.3986515
12/5/2017,64.40575673
12/6/2017,64.51975967
12/7/2017,64.57746479
12/8/2017,64.45026401
12/9/2017,64.45026401
12/10/2017,64.45026401
12/11/2017,64.41208884
12/12/2017,64.39741628
12/13/2017,64.43166326
12/14/2017,64.3701984
12/15/2017,64.04243605
12/16/2017,64.04243605
12/17/2017,64.04243605
12/18/2017,64.23442137
12/19/2017,64.02985706
12/20/2017,64.11777121
12/21/2017,64.02521292
12/22/2017,64.03990551
12/23/2017,64.03990551
12/24/2017,64.03990551
12/25/2017,64.03990551
12/26/2017,64.03990551
12/27/2017,64.15510719
12/28/2017,64.07993967
12/29/2017,63.87517719
12/30/2017,63.87517719
12/31/2017,63.87517719
1/1/2018,63.87517719
1/2/2018,63.48984666
1/3/2018,63.49954254
1/4/2018,63.40489018
1/5/2018,63.36986301
1/6/2018,63.36986301
1/7/2018,63.36986301
1/8/2018,63.50747515
1/9/2018,63.71228629
1/10/2018,63.5948966
1/11/2018,63.68769244
1/12/2018,63.60014831
1/13/2018,63.60014831
1/14/2018,63.60014831
1/15/2018,63.51755315
1/16/2018,64.04742437
1/17/2018,63.92772269
1/18/2018,63.8504291
1/19/2018,63.84251326
1/20/2018,63.84251326
1/21/2018,63.84251326
1/22/2018,63.91249285
1/23/2018,63.77500204
1/24/2018,63.69251943
1/25/2018,63.56492303
1/26/2018,63.61008363
1/27/2018,63.61008363
1/28/2018,63.61008363
1/29/2018,63.57985298
1/30/2018,63.64785444
1/31/2018,63.56265554
2/1/2018,64.02279477
2/2/2018,64.05739673
2/3/2018,64.05739673
2/4/2018,64.05739673
2/5/2018,64.10249196
2/6/2018,64.27244708
2/7/2018,64.2450154
2/8/2018,64.29276853
2/9/2018,64.37260653
2/10/2018,64.37260653
2/11/2018,64.37260653
2/12/2018,64.33499144
2/13/2018,64.27714263
2/14/2018,64.0723194
2/15/2018,63.9149924
2/16/2018,64.22015404
2/17/2018,64.22015404
2/18/2018,64.22015404
2/19/2018,64.25261886
2/20/2018,64.83225284
2/21/2018,64.75755361
2/22/2018,65.07779407
2/23/2018,64.76258232
2/24/2018,64.76258232
2/25/2018,64.76258232
2/26/2018,64.77516234
2/27/2018,64.8752134
2/28/2018,65.18994596
3/1/2018,65.17500616
3/2/2018,65.2375731
3/3/2018,65.2375731
3/4/2018,65.2375731
3/5/2018,65.10725603
3/6/2018,64.92990089
3/7/2018,64.89329146
3/8/2018,65.13002174
3/9/2018,65.19526483
3/10/2018,65.19526483
3/11/2018,65.19526483
3/12/2018,65.01259958
3/13/2018,64.8602359
3/14/2018,64.83749697
3/15/2018,64.95016611
3/16/2018,64.92724169
3/17/2018,64.92724169
3/18/2018,64.92724169
3/19/2018,65.19254204
3/20/2018,65.19794721
3/21/2018,65.20999512
3/22/2018,65.1047418
3/23/2018,65.00485987
3/24/2018,65.00485987
3/25/2018,65.00485987
3/26/2018,64.87027637
3/27/2018,64.97495152
3/28/2018,65.17220519
3/29/2018,65.1700349
3/30/2018,65.1700349
3/31/2018,65.1700349
4/1/2018,65.1700349
4/2/2018,65.1700349
4/3/2018,65.00974976
4/4/2018,65.13033561
4/5/2018,64.9274062
4/6/2018,64.96730423
4/7/2018,64.96730423
4/8/2018,64.96730423
4/9/2018,64.98252601
4/10/2018,64.99271904
4/11/2018,65.30482881
4/12/2018,65.2576483
4/13/2018,65.20743688
4/14/2018,65.20743688
4/15/2018,65.20743688
4/16/2018,65.49514956
4/17/2018,65.6372906
4/18/2018,65.66515983
4/19/2018,65.78743337
4/20/2018,66.1223495
4/21/2018,66.1223495
4/22/2018,66.1223495
4/23/2018,66.41975813
4/24/2018,66.38540899
4/25/2018,66.97537957
4/26/2018,66.75213675
4/27/2018,66.66487158
4/28/2018,66.66487158
4/29/2018,66.66487158
4/30/2018,66.37014654
5/1/2018,66.37014654
5/2/2018,66.66569501
5/3/2018,66.62483322
5/4/2018,66.86189322
5/5/2018,66.86189322
5/6/2018,66.86189322
5/7/2018,67.13493531
5/8/2018,67.08508846
5/9/2018,67.26239582
5/10/2018,67.25921872
5/11/2018,67.33702028
5/12/2018,67.33702028
5/13/2018,67.33702028
5/14/2018,67.52961295
5/15/2018,68.05688799
5/16/2018,67.7974372
5/17/2018,67.73782296
5/18/2018,68.00059418
5/19/2018,68.00059418
5/20/2018,68.00059418
5/21/2018,68.1418488
5/22/2018,68.00958114
5/23/2018,68.41945678
5/24/2018,68.37738745
5/25/2018,67.79486081
5/26/2018,67.79486081
5/27/2018,67.79486081
5/28/2018,67.44074201
5/29/2018,67.83699602
5/30/2018,67.38995873
5/31/2018,67.35789384
6/1/2018,67.11286314
6/2/2018,67.11286314
6/3/2018,67.11286314
6/4/2018,67.06313368
6/5/2018,67.14989293
6/6/2018,66.91967701
6/7/2018,67.11557959
6/8/2018,67.50212694
6/9/2018,67.50212694
6/10/2018,67.50212694
6/11/2018,67.42832909
6/12/2018,67.44273838
6/13/2018,67.60795648
6/14/2018,67.59803922
6/15/2018,68.01526388
6/16/2018,68.01526388
6/17/2018,68.01526388
6/18/2018,68.03969689
6/19/2018,68.37783943
6/20/2018,68.11193643
6/21/2018,67.96195181
6/22/2018,67.84855769
6/23/2018,67.84855769
6/24/2018,67.84855769
6/25/2018,68.07264957
6/26/2018,68.29120973
6/27/2018,68.60709366
6/28/2018,68.79305879
6/29/2018,68.46200034
6/30/2018,68.46200034
7/1/2018,68.46200034
7/2/2018,68.79499957
7/3/2018,68.52207458
7/4/2018,68.73990723
7/5/2018,68.94696387
7/6/2018,68.8723985
7/7/2018,68.8723985
7/8/2018,68.8723985
7/9/2018,68.67291543
7/10/2018,68.82694442
7/11/2018,68.7724755
7/12/2018,68.5199005
7/13/2018,68.48063214
7/14/2018,68.48063214
7/15/2018,68.48063214
7/16/2018,68.55930034
7/17/2018,68.45519774
7/18/2018,68.62802515
7/19/2018,69.05031067
7/20/2018,68.8269066
7/21/2018,68.8269066
7/22/2018,68.8269066
7/23/2018,68.85711847
7/24/2018,68.94754827
7/25/2018,68.7459367
7/26/2018,68.6650734
7/27/2018,68.68516129
7/28/2018,68.68516129
7/29/2018,68.68516129
7/30/2018,68.63788086
7/31/2018,68.54507498
8/1/2018,68.37423051
8/2/2018,68.68511664
8/3/2018,68.61580946
8/4/2018,68.61580946
8/5/2018,68.61580946
8/6/2018,68.86424673
8/7/2018,68.68212377
8/8/2018,68.62498921
8/9/2018,68.64702838
8/10/2018,68.83030726
8/11/2018,68.83030726
8/12/2018,68.83030726
8/13/2018,70.01710076
8/14/2018,69.90312116
8/15/2018,69.92624326
8/16/2018,70.19085312
8/17/2018,70.1602142
8/18/2018,70.1602142
8/19/2018,70.1602142
8/20/2018,69.82486865
8/21/2018,69.81524952
8/22/2018,69.89497245
8/23/2018,70.11097677
8/24/2018,69.9098205
8/25/2018,69.9098205
8/26/2018,69.9098205
8/27/2018,70.16504771
8/28/2018,70.10802733
8/29/2018,70.61792453
8/30/2018,70.74495381
8/31/2018,71.00205991
9/1/2018,71.00205991
9/2/2018,71.00205991
9/3/2018,71.2150056
9/4/2018,71.5849334
9/5/2018,71.75228803
9/6/2018,71.9593433
9/7/2018,71.73482566
9/8/2018,71.73482566
9/9/2018,71.73482566
9/10/2018,72.45484401
9/11/2018,72.65984102
9/12/2018,72.22313336
9/13/2018,72.03098107
9/14/2018,71.81623749
9/15/2018,71.81623749
9/16/2018,71.81623749
9/17/2018,72.51777911
9/18/2018,72.97683167
9/19/2018,72.38493186
9/20/2018,72.0120656
9/21/2018,72.19193809
9/22/2018,72.19193809
9/23/2018,72.19193809
9/24/2018,72.6802854
9/25/2018,72.69465908
9/26/2018,72.60713981
9/27/2018,72.59161186
9/28/2018,72.49136144
9/29/2018,72.49136144
9/30/2018,72.49136144
10/1/2018,72.91185594
10/2/2018,73.37780473
10/3/2018,73.36075511
10/4/2018,73.57676926
10/5/2018,73.77324874
10/6/2018,73.77324874
10/7/2018,73.77324874
10/8/2018,74.06168322
10/9/2018,74.40664626
10/10/2018,74.22652174
10/11/2018,74.09200864
10/12/2018,73.56531882
10/13/2018,73.56531882
10/14/2018,73.56531882
10/15/2018,73.80493912
10/16/2018,73.46163804
10/17/2018,73.62662619
10/18/2018,73.60712734
10/19/2018,73.34176112
10/20/2018,73.34176112
10/21/2018,73.34176112
10/22/2018,73.55663825
10/23/2018,73.5698728
10/24/2018,73.16313987
10/25/2018,73.2765417
10/26/2018,73.45967387
10/27/2018,73.45967387
10/28/2018,73.45967387
10/29/2018,73.42017397
10/30/2018,73.62645093
10/31/2018,73.97994345
11/1/2018,73.44860879
11/2/2018,72.44328633
11/3/2018,72.44328633
11/4/2018,72.44328633
11/5/2018,73.08003518
11/6/2018,72.95983549
11/7/2018,72.49934709
11/8/2018,72.40852591
11/9/2018,72.50484752
11/10/2018,72.50484752
11/11/2018,72.50484752
11/12/2018,72.89001332
11/13/2018,72.67471805
11/14/2018,72.30347026
11/15/2018,71.97700133
11/16/2018,71.896263
11/17/2018,71.896263
11/18/2018,71.896263
11/19/2018,71.65704034
11/20/2018,71.49111286
11/21/2018,71.30511
11/22/2018,70.68709989
11/23/2018,70.65186751
11/24/2018,70.65186751
11/25/2018,70.65186751
11/26/2018,70.87784916
11/27/2018,70.7644774
11/28/2018,70.58046792
11/29/2018,69.84895056
11/30/2018,69.62012501
12/1/2018,69.62012501
12/2/2018,69.62012501
12/3/2018,70.41210731
12/4/2018,70.53378911
12/5/2018,70.51787916
12/6/2018,70.91445688
12/7/2018,70.80204028
12/8/2018,70.80204028
12/9/2018,70.80204028
12/10/2018,72.40997812
12/11/2018,71.90570349
12/12/2018,71.99894236
12/13/2018,71.61023657
12/14/2018,71.97607444
12/15/2018,71.97607444
12/16/2018,71.97607444
12/17/2018,71.61008729
12/18/2018,70.53968533
12/19/2018,70.24638317
12/20/2018,69.81835648
12/21/2018,70.12440862
12/22/2018,70.12440862
12/23/2018,70.12440862
12/24/2018,70.14288219
12/25/2018,70.14288219
12/26/2018,70.14288219
12/27/2018,70.26852422
12/28/2018,70.04147023
12/29/2018,70.04147023
12/30/2018,70.04147023
12/31/2018,69.6330131
1/1/2019,69.6330131
1/2/2019,70.18118803
1/3/2019,70.15156856
1/4/2019,69.65842322
1/5/2019,69.65842322
1/6/2019,69.65842322
1/7/2019,69.62822193
1/8/2019,70.14423077
1/9/2019,70.39415103
1/10/2019,70.39488513
1/11/2019,70.53455302
1/12/2019,70.53455302
1/13/2019,70.53455302
1/14/2019,70.82890032
1/15/2019,71.10556723
1/16/2019,71.12608657
1/17/2019,71.05694981
1/18/2019,71.11690931
1/19/2019,71.11690931
1/20/2019,71.11690931
1/21/2019,71.23173737
1/22/2019,71.3810111
1/23/2019,71.30597343
1/24/2019,71.11894895
1/25/2019,71.06821787
1/26/2019,71.06821787
1/27/2019,71.06821787
1/28/2019,71.14380802
1/29/2019,71.18368062
1/30/2019,71.17945577
1/31/2019,71.10550139
2/1/2019,71.28497951
2/2/2019,71.28497951
2/3/2019,71.28497951
2/4/2019,71.81345566
2/5/2019,71.64448919
2/6/2019,71.57582938
2/7/2019,71.47245483
2/8/2019,71.27225454
2/9/2019,71.27225454
2/10/2019,71.27225454
2/11/2019,71.13626315
2/12/2019,70.64536119
2/13/2019,70.82352941
2/14/2019,71.17767128
2/15/2019,71.36856128
2/16/2019,71.36856128
2/17/2019,71.36856128
2/18/2019,71.40139477
2/19/2019,71.45254117
2/20/2019,71.15455828
2/21/2019,71.11458517
2/22/2019,71.12847682
2/23/2019,71.12847682
2/24/2019,71.12847682
2/25/2019,70.92162043
2/26/2019,71.16715078
2/27/2019,71.27920253
2/28/2019,70.85800631
3/1/2019,70.89080207
3/2/2019,70.89080207
3/3/2019,70.89080207
3/4/2019,70.88559584
3/5/2019,70.55874305
3/6/2019,70.26271561
3/7/2019,69.98846597
3/8/2019,70.15950811
3/9/2019,70.15950811
3/10/2019,70.15950811
3/11/2019,69.85681252
3/12/2019,69.63858093
3/13/2019,69.59391312
3/14/2019,69.47587428
3/15/2019,69.04315529
3/16/2019,69.04315529
3/17/2019,69.04315529
3/18/2019,68.53555379
3/19/2019,68.98309562
3/20/2019,68.8180377
3/21/2019,68.56195662
3/22/2019,68.97717218
3/23/2019,68.97717218
3/24/2019,68.97717218
3/25/2019,68.91479029
3/26/2019,68.86502524
3/27/2019,69.14128408
3/28/2019,69.33187734
3/29/2019,69.17578994
3/30/2019,69.17578994
3/31/2019,69.17578994
4/1/2019,69.32048772
4/2/2019,68.753125
4/3/2019,68.42524237
4/4/2019,69.16213566
4/5/2019,69.24864239
4/6/2019,69.24864239
4/7/2019,69.24864239
4/8/2019,69.64387338
4/9/2019,69.33404274
4/10/2019,69.15019062
4/11/2019,68.96795099
4/12/2019,69.15599329
4/13/2019,69.15599329
4/14/2019,69.15599329
4/15/2019,69.42499779
4/16/2019,69.56612119
4/17/2019,69.42482966
4/18/2019,69.39377778
4/19/2019,69.39377778
4/20/2019,69.39377778
4/21/2019,69.39377778
4/22/2019,69.39377778
4/23/2019,69.64206314
4/24/2019,69.85012044
4/25/2019,70.28589409
4/26/2019,70.01661726
4/27/2019,70.01661726
4/28/2019,70.01661726
4/29/2019,69.83273543
4/30/2019,69.58593332
5/1/2019,69.58593332
5/2/2019,69.37388512
5/3/2019,69.25952488
5/4/2019,69.25952488
5/5/2019,69.25952488
5/6/2019,69.4102152
5/7/2019,69.41439428
5/8/2019,69.70228531
5/9/2019,69.99329938
5/10/2019,69.99777382
5/11/2019,69.99777382
5/12/2019,69.99777382
5/13/2019,70.55758115
5/14/2019,70.4057545
5/15/2019,70.35545024
5/16/2019,70.04284567
5/17/2019,70.20497673
5/18/2019,70.20497673
5/19/2019,70.20497673
5/20/2019,69.65702516
5/21/2019,69.69178389
5/22/2019,69.69832602
5/23/2019,69.94793069
5/24/2019,69.5450076
5/25/2019,69.5450076
5/26/2019,69.5450076
5/27/2019,69.52893374
5/28/2019,69.6055218
5/29/2019,69.82117246
5/30/2019,69.88638405
5/31/2019,69.71661734
6/1/2019,69.71661734
6/2/2019,69.71661734
6/3/2019,69.26419312
6/4/2019,69.25827108
6/5/2019,69.33241539
6/6/2019,69.25084325
6/7/2019,69.48638339
6/8/2019,69.48638339
6/9/2019,69.48638339
6/10/2019,69.59074418
6/11/2019,69.44832155
6/12/2019,69.31996821
6/13/2019,69.5141288
6/14/2019,69.7807368
6/15/2019,69.7807368
6/16/2019,69.7807368
6/17/2019,69.94570055
6/18/2019,69.72423349
6/19/2019,69.66672615
6/20/2019,69.43176793
6/21/2019,69.54621774
6/22/2019,69.54621774
6/23/2019,69.54621774
6/24/2019,69.41065473
6/25/2019,69.34711978
6/26/2019,69.15199789
6/27/2019,69.10070361
6/28/2019,69.00175747
6/29/2019,69.00175747
6/30/2019,69.00175747
7/1/2019,68.93647017
7/2/2019,68.95672949
7/3/2019,68.8453024
7/4/2019,68.50947909
7/5/2019,68.48090586
7/6/2019,68.48090586
7/7/2019,68.48090586
7/8/2019,68.56486848
7/9/2019,68.52387327
7/10/2019,68.58377897
7/11/2019,68.36464333
7/12/2019,68.64125122
7/13/2019,68.64125122
7/14/2019,68.64125122
7/15/2019,68.52471382
7/16/2019,68.68662568
7/17/2019,68.86625056
7/18/2019,68.89934023
7/19/2019,68.81747728
7/20/2019,68.81747728
7/21/2019,68.81747728
7/22/2019,68.93312528
7/23/2019,68.92956234
7/24/2019,68.96633752
7/25/2019,68.98335583
7/26/2019,68.89926378
7/27/2019,68.89926378
7/28/2019,68.89926378
7/29/2019,68.77776778
7/30/2019,68.81611978
7/31/2019,68.77993005
8/1/2019,69.10573525
8/2/2019,69.6380335
8/3/2019,69.6380335
8/4/2019,69.6380335
8/5/2019,70.78599535
8/6/2019,70.8098686
8/7/2019,70.88198536
8/8/2019,70.73617439
8/9/2019,70.81041257
8/10/2019,70.81041257
8/11/2019,70.81041257
8/12/2019,71.23994997
8/13/2019,71.45473178
8/14/2019,71.27502681
8/15/2019,71.31883408
8/16/2019,71.14842904
8/17/2019,71.14842904
8/18/2019,71.14842904
8/19/2019,71.40412501
8/20/2019,71.72354641
8/21/2019,71.56475144
8/22/2019,71.81178381
8/23/2019,71.67103479
8/24/2019,71.67103479
8/25/2019,71.67103479
8/26/2019,72.025009
8/27/2019,71.52602666
8/28/2019,71.81313724
8/29/2019,71.65959176
8/30/2019,71.43575571
8/31/2019,71.43575571
9/1/2019,71.43575571
9/2/2019,71.92924872
9/3/2019,72.41199598
9/4/2019,72.05391178
9/5/2019,71.81452342
9/6/2019,71.71533509
9/7/2019,71.71533509
9/8/2019,71.71533509
9/9/2019,71.677241
9/10/2019,71.90353261
9/11/2019,71.68226847
9/12/2019,71.14658396
9/13/2019,70.96386085
9/14/2019,70.96386085
9/15/2019,70.96386085
9/16/2019,71.60048953
9/17/2019,71.78215128
9/18/2019,71.20872161
9/19/2019,71.32330352
9/20/2019,70.98141432
9/21/2019,70.98141432
9/22/2019,70.98141432
9/23/2019,70.95175239
9/24/2019,70.94746887
9/25/2019,71.04489164
9/26/2019,70.90875846
9/27/2019,70.478738
9/28/2019,70.478738
9/29/2019,70.478738
9/30/2019,70.86187896
10/1/2019,71.10662507
10/2/2019,71.23798627
10/3/2019,70.96657839
10/4/2019,70.90035522
10/5/2019,70.90035522
10/6/2019,70.90035522
10/7/2019,70.99381425
10/8/2019,71.13052977
10/9/2019,71.06274474
10/10/2019,71.03853128
10/11/2019,71.07443629
10/12/2019,71.07443629
10/13/2019,71.07443629
10/14/2019,71.18529598
10/15/2019,71.49632052
10/16/2019,71.44489796
10/17/2019,71.15855305
10/18/2019,71.13558866
10/19/2019,71.13558866
10/20/2019,71.13558866
10/21/2019,70.85742415
10/22/2019,70.91150045
10/23/2019,70.86622314
10/24/2019,71.01186197
10/25/2019,70.90258396
10/26/2019,70.90258396
10/27/2019,70.90258396
10/28/2019,70.74546766
10/29/2019,70.85624155
10/30/2019,70.926076
10/31/2019,70.92746997
11/1/2019,70.75680043
11/2/2019,70.75680043
11/3/2019,70.75680043
11/4/2019,70.72996953
11/5/2019,70.68953101
11/6/2019,70.95175834
11/7/2019,70.91179922
11/8/2019,71.28149357
11/9/2019,71.28149357
11/10/2019,71.28149357
11/11/2019,71.54288561
11/12/2019,71.69223786
11/13/2019,72.06887152
11/14/2019,71.92870783
11/15/2019,71.74460758
11/16/2019,71.74460758
11/17/2019,71.74460758
11/18/2019,71.8072507
11/19/2019,71.67780085
11/20/2019,71.81752419
11/21/2019,71.74060049
11/22/2019,71.68656177
11/23/2019,71.68656177
11/24/2019,71.68656177
11/25/2019,71.70875727
11/26/2019,71.52132486
11/27/2019,71.35025888
11/28/2019,71.61244889
11/29/2019,71.65133855
11/30/2019,71.65133855
12/1/2019,71.65133855
12/2/2019,71.64882518
12/3/2019,71.74600307
12/4/2019,71.52919412
12/5/2019,71.22723995
12/6/2019,71.24887326
12/7/2019,71.24887326
12/8/2019,71.24887326
12/9/2019,71.06726862
12/10/2019,70.92263248
12/11/2019,70.80045147
12/12/2019,70.87680704
12/13/2019,70.75442993
12/14/2019,70.75442993
12/15/2019,70.75442993
12/16/2019,70.97281536
12/17/2019,70.95816162
12/18/2019,70.98065677
12/19/2019,71.09112171
12/20/2019,71.19356583
12/21/2019,71.19356583
12/22/2019,71.19356583
12/23/2019,71.28261851
12/24/2019,71.25676895
12/25/2019,71.25676895
12/26/2019,71.25676895
12/27/2019,71.40410652
12/28/2019,71.40410652
12/29/2019,71.40410652
12/30/2019,71.33077129
12/31/2019,71.37884992
1/1/2020,71.37884992
1/2/2020,71.38970785
1/3/2020,71.77581412
1/4/2020,71.77581412
1/5/2020,71.77581412
1/6/2020,71.92915848
1/7/2020,71.84479055
1/8/2020,71.71300045
1/9/2020,71.25292529
1/10/2020,70.9507709
1/11/2020,70.9507709
1/12/2020,70.9507709
1/13/2020,70.84531727
1/14/2020,70.8308592
1/15/2020,70.79743314
1/16/2020,70.92935804
1/17/2020,71.08093266
1/18/2020,71.08093266
1/19/2020,71.08093266
1/20/2020,71.07262066
1/21/2020,71.19613135
1/22/2020,71.12779582
1/23/2020,71.31593184
1/24/2020,71.29134572
1/25/2020,71.29134572
1/26/2020,71.29134572
1/27/2020,71.42176871
1/28/2020,71.28986824
1/29/2020,71.28170166
1/30/2020,71.63931453
1/31/2020,71.39477018
2/1/2020,71.39477018
2/2/2020,71.39477018
2/3/2020,71.3930056
2/4/2020,71.24547429
2/5/2020,71.15395083
2/6/2020,71.14832318
2/7/2020,71.43996718
2/8/2020,71.43996718
2/9/2020,71.43996718
2/10/2020,71.32407999
2/11/2020,71.27281901
2/12/2020,71.31619938
2/13/2020,71.2703598
2/14/2020,71.44991699
2/15/2020,71.44991699
2/16/2020,71.44991699
2/17/2020,71.38163359
2/18/2020,71.55140533
2/19/2020,71.51342593
2/20/2020,71.61677479
2/21/2020,71.98777891
2/22/2020,71.98777891
2/23/2020,71.98777891
2/24/2020,71.94167129
2/25/2020,71.70110701
2/26/2020,71.65011494
2/27/2020,71.63261583
2/28/2020,72.22829553
2/29/2020,72.22829553
3/1/2020,72.22829553
3/2/2020,72.75400108
3/3/2020,73.24727894
3/4/2020,73.26067416
3/5/2020,73.43613122
3/6/2020,73.73500353
3/7/2020,73.73500353
3/8/2020,73.73500353
3/9/2020,74.16201117
3/10/2020,73.84547849
3/11/2020,73.67810515
3/12/2020,74.25978648
3/13/2020,73.73604107
3/14/2020,73.73604107
3/15/2020,73.73604107
3/16/2020,74.22022049
3/17/2020,74.2733564
3/18/2020,74.2047741
3/19/2020,75.12267383
3/20/2020,75.15176987
3/21/2020,75.15176987
3/22/2020,75.15176987
3/23/2020,76.16201428
3/24/2020,75.95499401
3/25/2020,76.38219267
3/26/2020,75.16118751
3/27/2020,75.49375968
3/28/2020,75.49375968
3/29/2020,75.49375968
3/30/2020,75.67518579
3/31/2020,75.66493246
4/1/2020,76.44513533
4/2/2020,76.40381441
4/3/2020,76.23180343
4/4/2020,76.23180343
4/5/2020,76.23180343
4/6/2020,76.08748031
4/7/2020,75.56453836
4/8/2020,76.23309723
4/9/2020,76.31130947
4/10/2020,76.31130947
4/11/2020,76.31130947
4/12/2020,76.31130947
4/13/2020,76.31130947
4/14/2020,76.15981027
4/15/2020,76.50554893
4/16/2020,76.87821455
4/17/2020,76.47928177
4/18/2020,76.47928177
4/19/2020,76.47928177
4/20/2020,76.55939227
4/21/2020,76.93642152
4/22/2020,76.53308181
4/23/2020,76.06758262
4/24/2020,76.26481481
4/25/2020,76.26481481
4/26/2020,76.26481481
4/27/2020,76.13297088
4/28/2020,75.86834605
4/29/2020,75.65163254
4/30/2020,75.03751379
5/1/2020,75.03751379
5/2/2020,75.03751379
5/3/2020,75.03751379
5/4/2020,75.65984281
5/5/2020,75.75717052
5/6/2020,75.85962802
5/7/2020,75.83093759
5/8/2020,75.5893203
5/9/2020,75.5893203
5/10/2020,75.5893203
5/11/2020,75.84626755
5/12/2020,75.14551483
5/13/2020,75.29425287
5/14/2020,75.60415122
5/15/2020,75.92933877
5/16/2020,75.92933877
5/17/2020,75.92933877
5/18/2020,75.83410266
5/19/2020,75.6652968
5/20/2020,75.61918233
5/21/2020,75.50409091
5/22/2020,75.86803008
5/23/2020,75.86803008
5/24/2020,75.86803008
5/25/2020,75.8868011
5/26/2020,75.55990888
5/27/2020,75.7392412
5/28/2020,75.76570443
5/29/2020,75.5230783
5/30/2020,75.5230783
5/31/2020,75.5230783
6/1/2020,75.51097517
6/2/2020,75.20941471
6/3/2020,75.49178131
6/4/2020,75.49511111
6/5/2020,75.57811121
6/6/2020,75.57811121
6/7/2020,75.57811121
6/8/2020,75.53478068
6/9/2020,75.53435452
6/10/2020,75.51912088
6/11/2020,75.83450828
6/12/2020,75.89127742
6/13/2020,75.89127742
6/14/2020,75.89127742
6/15/2020,76.00417666
6/16/2020,76.09480014
6/17/2020,76.1667557
6/18/2020,76.34378899
6/19/2020,76.13916146
6/20/2020,76.13916146
6/21/2020,76.13916146
6/22/2020,76.03540533
6/23/2020,75.48860223
6/24/2020,75.64583333
6/25/2020,75.63571429
6/26/2020,75.64567912
6/27/2020,75.64567912
6/28/2020,75.64567912
6/29/2020,75.49805034
6/30/2020,75.57019111
7/1/2020,75.55535714
7/2/2020,74.74215843
7/3/2020,74.68014968
7/4/2020,74.68014968
7/5/2020,74.68014968
7/6/2020,74.57262693
7/7/2020,74.81355182
7/8/2020,75.00044303
7/9/2020,74.98280727
7/10/2020,75.24033345
7/11/2020,75.24033345
7/12/2020,75.24033345
7/13/2020,75.21934857
7/14/2020,75.4043956
7/15/2020,75.12320867
7/16/2020,75.21946732
7/17/2020,74.96499825
7/18/2020,74.96499825
7/19/2020,74.96499825
7/20/2020,74.80389588
7/21/2020,74.61373766
7/22/2020,74.52755225
7/23/2020,74.83533581
7/24/2020,74.83287388
7/25/2020,74.83287388
7/26/2020,74.83287388
7/27/2020,74.73214286
7/28/2020,74.86045916
7/29/2020,74.79232409
7/30/2020,74.88716682
7/31/2020,74.81051654
8/1/2020,74.81051654
8/2/2020,74.81051654
8/3/2020,75.20083575
8/4/2020,75.12154696
8/5/2020,74.83465497
8/6/2020,74.95144811
8/7/2020,75.00465431
8/8/2020,75.00465431
8/9/2020,75.00465431
8/10/2020,74.90648644
8/11/2020,74.56674871
8/12/2020,74.80333022
8/13/2020,74.84492521
8/14/2020,74.89037501
8/15/2020,74.89037501
8/16/2020,74.89037501
8/17/2020,74.824517
8/18/2020,74.65059634
8/19/2020,74.84790078
8/20/2020,75.09873418
8/21/2020,74.94094655
8/22/2020,74.94094655
8/23/2020,74.94094655
8/24/2020,74.08795476
8/25/2020,74.24792619
8/26/2020,74.31758419
8/27/2020,73.91622904
8/28/2020,73.19555183
8/29/2020,73.19555183
8/30/2020,73.19555183
8/31/2020,73.25670017
9/1/2020,72.9194127
9/2/2020,73.19998314
9/3/2020,73.53043257
9/4/2020,73.19540618
9/5/2020,73.19540618
9/6/2020,73.19540618
9/7/2020,73.4510318
9/8/2020,73.91260076
9/9/2020,73.56366262
9/10/2020,73.45261203
9/11/2020,73.59802598
9/12/2020,73.59802598
9/13/2020,73.59802598
9/14/2020,73.54454362
9/15/2020,73.59611504
9/16/2020,73.52472828
9/17/2020,73.62973637
9/18/2020,73.53502916
9/19/2020,73.53502916
9/20/2020,73.53502916
9/21/2020,73.55137015
9/22/2020,73.4770017
9/23/2020,73.5413103
9/24/2020,73.94976385
9/25/2020,73.6784425
9/26/2020,73.6784425
9/27/2020,73.6784425
9/28/2020,73.71508141
9/29/2020,73.72671338
9/30/2020,73.70942945
10/1/2020,73.03224983
10/2/2020,73.34825234
10/3/2020,73.34825234
10/4/2020,73.34825234
10/5/2020,73.15346703
10/6/2020,73.3967783
10/7/2020,73.29056924
10/8/2020,73.25626859
10/9/2020,73.0805426
10/10/2020,73.0805426
10/11/2020,73.0805426
10/12/2020,73.29095686
10/13/2020,73.32230423
10/14/2020,73.27617021
10/15/2020,73.47495298
10/16/2020,73.30849161
10/17/2020,73.30849161
10/18/2020,73.30849161
10/19/2020,73.3088672
10/20/2020,73.53640982
10/21/2020,73.72131286
10/22/2020,73.692581
10/23/2020,73.65426788
10/24/2020,73.65426788
10/25/2020,73.65426788
10/26/2020,74.07437177
10/27/2020,73.66759635
10/28/2020,74.02063614
10/29/2020,74.40746753
10/30/2020,74.46700291
10/31/2020,74.46700291
11/1/2020,74.46700291
11/2/2020,74.45545829
11/3/2020,74.40565715
11/4/2020,74.3925433
11/5/2020,74.0113876
11/6/2020,74.14363943
11/7/2020,74.14363943
11/8/2020,74.14363943
11/9/2020,73.75073635
11/10/2020,74.24330962
11/11/2020,74.41951385
11/12/2020,74.68916971
11/13/2020,74.6390182
11/14/2020,74.6390182
11/15/2020,74.6390182
11/16/2020,74.45435334
11/17/2020,74.46768221
11/18/2020,74.15824065
11/19/2020,74.20300879
11/20/2020,74.13048976
11/21/2020,74.13048976
11/22/2020,74.13048976
11/23/2020,74.03075372
11/24/2020,74.08723135
11/25/2020,73.88898234
11/26/2020,73.83655462
11/27/2020,74.06601241
11/28/2020,74.06601241
11/29/2020,74.06601241
11/30/2020,74.06694491
12/1/2020,73.65767045
12/2/2020,73.73570363
12/3/2020,73.82849148
12/4/2020,73.7523645
12/5/2020,73.7523645
12/6/2020,73.7523645
12/7/2020,73.90212731
12/8/2020,73.63628859
12/9/2020,73.67412668
12/10/2020,73.6702435
12/11/2020,73.77793354
12/12/2020,73.77793354
12/13/2020,73.77793354
12/14/2020,73.54916954
12/15/2020,73.59143328
12/16/2020,73.65083272
12/17/2020,73.5881104
12/18/2020,73.51088996
12/19/2020,73.51088996
12/20/2020,73.51088996
12/21/2020,74.04403187
12/22/2020,73.860201
12/23/2020,73.80774289
12/24/2020,73.55408841
12/25/2020,73.55408841
12/26/2020,73.55408841
12/27/2020,73.55408841
12/28/2020,73.50396923
12/29/2020,73.36813769
12/30/2020,73.18817686
12/31/2020,73.06698721
1/1/2021,73.06698721
1/2/2021,73.06698721
1/3/2021,73.06698721
1/4/2021,73.02293429
1/5/2021,73.23527015
1/6/2021,73.11071486
1/7/2021,73.35084718
